0,1,2,3,4,5,6,7,8,9,10,11,12,13,14,15,16,17,18,19,20,21,22,23,24,25,26,27,28,29,30,31,32,33,34,35,36,37,38,39,40,41,42,43,44,45,46,47,48,49,50,51,52,53,54,55,56,57,58,59,60,61,62,63,64
0.9510302,0.94467854,0.90383756,0.9589588,0.96735084,0.85895395,0.9319248,0.9534786,0.951157,0.9010317,0.91882324,0.8690235,0.8375406,0.9511405,0.94241816,0.89793354,0.96629775,0.8490699,0.95558095,0.8888426,0.9403578,0.91989666,0.9329382,0.88043875,0.9290298,0.9689275,0.94526464,0.9303703,0.94788194,0.9484287,0.89852595,0.92533606,0.91877425,0.8881455,0.96126026,0.91956013,0.9412308,0.94204074,0.89000666,0.96899945,0.91232127,0.9449592,0.8952065,0.8276637,0.9261216,0.9615773,0.83969593,0.9064173,0.93368673,0.95690817,0.93217045,0.92989963,0.8891012,0.91774476,0.9387458,0.9101519,0.9115043,0.9252237,0.88336664,0.9379549,0.9332399,0.9140043,0.8513989,0.90793127,0.9355838
0.9510149,0.9408987,0.90258825,0.9589982,0.97613734,0.871118,0.93396896,0.96046984,0.94875175,0.90346956,0.9015056,0.8666985,0.81325096,0.9480418,0.94743574,0.8980349,0.96716785,0.86602056,0.9610607,0.8841668,0.9362598,0.91421247,0.9322116,0.87241995,0.9301117,0.9681822,0.95565903,0.925524,0.9497314,0.9445725,0.89961845,0.9244075,0.9194891,0.8922814,0.9579496,0.92044175,0.9400718,0.94285876,0.88709545,0.9666719,0.9092048,0.9444141,0.9032497,0.83311176,0.9219397,0.9520953,0.8250386,0.89923185,0.925323,0.9538787,0.9358444,0.94024795,0.8887597,0.92018247,0.92639995,0.9101708,0.9051322,0.92725825,0.8806701,0.9305142,0.9181136,0.916563,0.75656664,0.91349643,0.93280894
0.9453925,0.93471366,0.89271134,0.95118606,0.9754291,0.8669124,0.931248,0.9506759,0.93704903,0.89679897,0.90883553,0.86310595,0.8531408,0.9452631,0.93888235,0.8990442,0.9636747,0.84563565,0.9509858,0.87747663,0.93274397,0.9079411,0.9358499,0.8722168,0.91185105,0.96807724,0.9418137,0.9281393,0.9427753,0.93562,0.88359505,0.9215305,0.91408986,0.88115096,0.9471312,0.9149881,0.9217762,0.94675833,0.8809488,0.96273106,0.9060144,0.9416051,0.8829297,0.8243704,0.92310065,0.9493667,0.84401083,0.89968497,0.92807406,0.95883703,0.91653043,0.9214193,0.8903708,0.9266973,0.9264531,0.8994769,0.8984518,0.91506726,0.86972415,0.9330099,0.9241727,0.898124,0.86397374,0.9054833,0.93394876
0.9403278,0.928876,0.88751465,0.948723,0.9754604,0.868255,0.93442,0.95034593,0.9333924,0.90347004,0.90932626,0.86427635,0.81196177,0.9391054,0.94357467,0.89820004,0.95071405,0.846493,0.94630027,0.8798585,0.9356493,0.9133673,0.94138867,0.8646991,0.9144294,0.9669589,0.939491,0.9227838,0.9490742,0.93247885,0.884635,0.9271609,0.9119332,0.8658023,0.9423104,0.9116163,0.93861854,0.9455002,0.8802854,0.96241146,0.9190474,0.93772,0.86937803,0.8195845,0.919171,0.94797045,0.83892745,0.89138037,0.9361311,0.9484357,0.92248255,0.91196024,0.8891752,0.92491406,0.9295423,0.90334,0.8959777,0.91961926,0.86577314,0.9347718,0.9261465,0.8955326,0.8567811,0.9027169,0.92227435
0.9489584,0.923584,0.8712041,0.95079327,0.9724388,0.8550372,0.93049246,0.94554365,0.9366279,0.90935546,0.9096328,0.85895705,0.8206086,0.94025546,0.9354991,0.8964222,0.9533418,0.8546173,0.95133436,0.876033,0.9278562,0.9092096,0.9422031,0.8578957,0.92145795,0.966066,0.9418665,0.9173273,0.94247055,0.9252415,0.9064653,0.92314285,0.9102413,0.7450518,0.9401305,0.91017175,0.9327077,0.9427676,0.8713087,0.9534041,0.9212141,0.94002694,0.88184184,0.81184214,0.92032546,0.95057464,0.84560037,0.895064,0.92753035,0.9461674,0.9300785,0.925978,0.8839437,0.9196222,0.92396915,0.8973771,0.88972026,0.9404477,0.86247236,0.93678415,0.9248849,0.9003259,0.86454,0.8991765,0.92512447
0.94516176,0.93195164,0.892283,0.9501944,0.980165,0.86620456,0.9261473,0.946378,0.9444677,0.9135391,0.9067398,0.8602863,0.875424,0.9321737,0.9283535,0.8987336,0.9530596,0.87853557,0.95553476,0.8812477,0.9349521,0.91107225,0.9375486,0.8665004,0.9114331,0.9642327,0.9292177,0.925314,0.93970037,0.91514343,0.8801756,0.91334635,0.9153981,0.88111174,0.94812536,0.9047775,0.932352,0.94590795,0.87707716,0.9546813,0.90660965,0.9513609,0.883163,0.82297224,0.92196673,0.95129216,0.8254073,0.9014233,0.93368053,0.9304603,0.9238132,0.9180164,0.8825979,0.92980444,0.928895,0.91459435,0.8999658,0.91618985,0.88241416,0.92551166,0.92695075,0.8984161,0.85785365,0.895274,0.9246908
0.9396359,0.93380415,0.8906345,0.9401461,0.9779712,0.86262184,0.9263484,0.9459396,0.9403071,0.8987037,0.91000384,0.86459386,0.8426362,0.92959803,0.9274722,0.89799726,0.95471,0.86778146,0.94725484,0.875492,0.92555696,0.9111588,0.9329865,0.8641871,0.91007674,0.9570009,0.930557,0.91619486,0.93740493,0.9245607,0.90212524,0.9126265,0.9197485,0.86446667,0.9427364,0.90531486,0.92314076,0.93887216,0.879987,0.94540834,0.9077894,0.94217956,0.8806347,0.81456435,0.9142852,0.9463908,0.84547466,0.8962044,0.9320748,0.93237543,0.9224111,0.91870517,0.87942713,0.92543066,0.92980754,0.914406,0.8976635,0.9203122,0.87895364,0.9344385,0.933199,0.89579076,0.8624731,0.90750444,0.92054296
0.9336044,0.926272,0.8919174,0.937749,0.9793391,0.87100154,0.919328,0.94459647,0.9315602,0.9034916,0.8982542,0.8592248,0.8308679,0.9279037,0.9342912,0.8869694,0.95023566,0.86672103,0.9434906,0.86861295,0.9186059,0.9134043,0.93850493,0.8552294,0.91357315,0.9556462,0.9384292,0.91365445,0.929509,0.9150882,0.9020879,0.90980893,0.90945387,0.85512817,0.93282574,0.90680295,0.93066686,0.9390948,0.87385476,0.94206774,0.9079597,0.9373942,0.88713694,0.8335989,0.90675175,0.93113977,0.8470702,0.8912009,0.92823225,0.9271544,0.9204282,0.9142558,0.87450695,0.91797084,0.9301789,0.91616327,0.89517677,0.9266198,0.8667253,0.91793966,0.9235965,0.8908424,0.86361593,0.9029286,0.9134277
0.9338673,0.9201208,0.89045846,0.940296,0.9808719,0.8704839,0.92710745,0.942788,0.93399584,0.90397567,0.90154874,0.8598489,0.84994096,0.93045807,0.9228772,0.88937217,0.9526461,0.8609119,0.93834627,0.87763053,0.9143956,0.91313326,0.92788464,0.8778349,0.9030029,0.95758134,0.9301217,0.9049066,0.9303057,0.931477,0.9049035,0.90997696,0.9220855,0.8651221,0.9398997,0.89076966,0.92372656,0.93427014,0.8808633,0.94725674,0.9070699,0.9249958,0.88251346,0.83351535,0.92315173,0.93192554,0.8281824,0.90487,0.93098605,0.9303919,0.92139137,0.9100326,0.8778758,0.9147618,0.92121595,0.9164047,0.8935029,0.9188433,0.8819369,0.9155646,0.9200139,0.88021463,0.8586743,0.90182346,0.9120212
0.92276543,0.9174817,0.8828324,0.9356544,0.9765047,0.86491525,0.9257403,0.9423635,0.9326095,0.8960787,0.90016454,0.8600627,0.85323596,0.92762774,0.9170522,0.88794255,0.94853365,0.8660197,0.9192691,0.86619514,0.9133176,0.8960143,0.9380851,0.8646205,0.8906245,0.9527354,0.92624694,0.9017629,0.93081486,0.92346716,0.8988912,0.90128624,0.919094,0.85831386,0.9474496,0.8904574,0.91495657,0.92818356,0.86447245,0.93684727,0.9013553,0.92189646,0.8852615,0.8285435,0.91986114,0.9330633,0.84072965,0.89899766,0.9223183,0.91098994,0.9100061,0.90306246,0.8783906,0.9196059,0.9133307,0.90510446,0.8849501,0.90989566,0.88884073,0.9121491,0.92199606,0.88811994,0.8585365,0.9044279,0.90660614
0.9177663,0.910302,0.88099647,0.93870455,0.97892714,0.87227213,0.9239754,0.9397322,0.92882574,0.88922423,0.9061919,0.86183345,0.82660764,0.9303817,0.9131209,0.8868474,0.9440321,0.85617083,0.92345953,0.8640619,0.90243584,0.89408845,0.9341059,0.8588182,0.88757974,0.95383924,0.924359,0.904763,0.9333884,0.92111206,0.892729,0.9057265,0.9032115,0.85640633,0.9251697,0.8929719,0.8999971,0.9349282,0.8610493,0.92995787,0.90433675,0.9209872,0.87479985,0.81979984,0.91576546,0.92182064,0.8250278,0.8808707,0.9128889,0.89946365,0.9181323,0.90190333,0.8664564,0.9159156,0.9074581,0.9213544,0.8650226,0.91167146,0.8560769,0.9246823,0.9202786,0.8785492,0.86570895,0.8977529,0.90464264
0.9171085,0.92265105,0.85898733,0.9242896,0.9817047,0.859536,0.9188631,0.93959934,0.9087386,0.87033784,0.9021731,0.85121524,0.8583307,0.9261858,0.89287144,0.88439745,0.9481877,0.84220064,0.9129472,0.8723026,0.8994246,0.8964425,0.93759376,0.8574431,0.88184077,0.95624894,0.9220077,0.9028756,0.9319384,0.9172206,0.8793545,0.88653636,0.9068388,0.8313907,0.93229985,0.8877281,0.9074838,0.9282494,0.8617037,0.9375762,0.90914893,0.91859317,0.86469674,0.80662125,0.9131763,0.92484653,0.838451,0.8989162,0.91249716,0.88877106,0.9185818,0.89978164,0.86226285,0.91382897,0.91010076,0.8899096,0.8850651,0.90491253,0.8812778,0.9202141,0.9053874,0.8734977,0.8668518,0.8975233,0.90680087
0.92060447,0.91086787,0.87554187,0.9221932,0.9769869,0.8593797,0.91197395,0.944725,0.91534764,0.8804925,0.9027659,0.8590595,0.8489124,0.9212837,0.8868925,0.8780778,0.9465908,0.84711564,0.9257349,0.8586054,0.8993462,0.8835312,0.9225451,0.8600037,0.8680862,0.95490235,0.9221043,0.89375323,0.92773736,0.9261214,0.8624058,0.8846213,0.84959626,0.837084,0.92969275,0.87196773,0.90465534,0.92894435,0.84834075,0.94212115,0.90268296,0.89968544,0.863926,0.8092422,0.9163782,0.9237244,0.82864994,0.8914086,0.9016896,0.885055,0.9093537,0.88700753,0.86762756,0.9072231,0.89764225,0.90438664,0.87476313,0.9030901,0.8826521,0.9134211,0.91050315,0.87767196,0.86914647,0.8955664,0.90713
0.91353226,0.91350603,0.8665179,0.9176432,0.97632253,0.86361665,0.9070936,0.93765277,0.9026493,0.87146246,0.91361994,0.83921355,0.82951486,0.92043877,0.88932306,0.8779865,0.9438351,0.8485922,0.9064432,0.8627821,0.89349616,0.88381386,0.94622606,0.8425156,0.8666354,0.95080227,0.9101322,0.89775985,0.9297511,0.90916866,0.8547762,0.8910736,0.850653,0.81066394,0.8899456,0.8870266,0.89956355,0.923965,0.82150203,0.94197756,0.9050706,0.8974359,0.8452742,0.7980402,0.9095255,0.9168635,0.8351473,0.8733629,0.898638,0.87980044,0.9065091,0.8820084,0.87040395,0.9099493,0.89525795,0.89685696,0.8589322,0.89644593,0.8611615,0.9227568,0.9043276,0.85785514,0.8790359,0.8988526,0.90431696
0.9089825,0.8985533,0.8501748,0.9084522,0.97128075,0.86060953,0.90416396,0.9355235,0.92058563,0.8613684,0.9009658,0.8330593,0.8342612,0.90576684,0.8845288,0.87237346,0.9427503,0.86178416,0.903503,0.8561917,0.88444775,0.8815813,0.94580007,0.85407835,0.84873605,0.9469385,0.9149533,0.885921,0.92677647,0.9059357,0.8451247,0.88093156,0.81724626,0.8180372,0.91358995,0.8561929,0.8836176,0.9194086,0.8212633,0.94480604,0.8979788,0.8851543,0.85128266,0.8053247,0.9175889,0.90007037,0.83381504,0.8756134,0.8886817,0.876458,0.8981183,0.875539,0.87339026,0.9035223,0.883914,0.8588998,0.8560652,0.8896478,0.82809067,0.9186015,0.90524596,0.87486404,0.8818058,0.89526874,0.90072036
0.84878206,0.8962721,0.84918696,0.8201163,0.9707195,0.8675046,0.88249576,0.9401716,0.9242304,0.8506575,0.911936,0.82870895,0.8591963,0.90675724,0.87648237,0.8724739,0.940422,0.8673075,0.88815385,0.84866583,0.8765375,0.86102116,0.9372661,0.8496784,0.85628843,0.9465196,0.91949475,0.869807,0.9283481,0.911809,0.8485055,0.87397116,0.8541684,0.80864257,0.9101896,0.8637115,0.8923917,0.9177595,0.8014007,0.94722277,0.892167,0.87552464,0.8524543,0.8103203,0.9082421,0.90884906,0.8407857,0.8693869,0.87939423,0.8452694,0.9098959,0.878928,0.8629451,0.8980189,0.88396305,0.8936323,0.85669285,0.8679056,0.80966866,0.9202207,0.9056962,0.87438273,0.8905126,0.89167607,0.90929675
0.82863444,0.8592132,0.85804033,0.820808,0.9722726,0.87333614,0.8721083,0.9344218,0.9299114,0.7689907,0.91371137,0.8262203,0.84594095,0.89879626,0.880271,0.87076426,0.9325217,0.861645,0.88907164,0.82383996,0.85419893,0.86430436,0.9447684,0.83931446,0.8543527,0.9450958,0.85356826,0.8708702,0.91673595,0.9092725,0.82788754,0.87548816,0.79988855,0.8248971,0.89320153,0.80425304,0.8918926,0.91678107,0.7753644,0.950048,0.9000981,0.8385809,0.8474809,0.82572883,0.91189414,0.8991396,0.8508397,0.84334314,0.87815785,0.8796004,0.9033772,0.8837919,0.8610006,0.90089625,0.88122773,0.86441946,0.85407335,0.8600953,0.78442276,0.92597586,0.8871627,0.82179445,0.89684194,0.8931263,0.8990085
0.83256376,0.8717041,0.85902613,0.8213799,0.96924984,0.8789934,0.83240217,0.9419035,0.9369452,0.746959,0.91177493,0.82177466,0.85644686,0.8646465,0.8763708,0.87258834,0.9399436,0.87447894,0.8840926,0.8262338,0.8473808,0.8643105,0.94202334,0.85039914,0.7732737,0.9473246,0.5,0.796049,0.9298293,0.9112507,0.8434945,0.86750185,0.78425854,0.823037,0.8925786,0.8603307,0.5,0.91266376,0.76450485,0.95062256,0.8805497,0.8605846,0.83157027,0.8299128,0.9205919,0.9069482,0.8320658,0.8604012,0.87409997,0.83603245,0.9054962,0.8294452,0.83887744,0.90343094,0.87223876,0.8977425,0.8590709,0.8590609,0.85276383,0.91713274,0.8701755,0.7901923,0.8901808,0.89253646,0.87332153
0.8231632,0.84361637,0.85594803,0.92692184,0.96746385,0.8832973,0.8091049,0.94774365,0.94713116,0.79976046,0.918161,0.84566045,0.8793714,0.86614436,0.88291997,0.8846275,0.9314008,0.8905864,0.89160645,0.8710185,0.8234287,0.8672453,0.946947,0.85959905,0.78417295,0.8761847,0.5,0.8843422,0.91317886,0.92303115,0.8592213,0.86896014,0.77838415,0.8601388,0.8885967,0.7502516,0.5,0.9127546,0.822168,0.95349336,0.5,0.83755845,0.84986675,0.830787,0.9074711,0.9117068,0.8660045,0.8803202,0.86927265,0.5,0.92084587,0.8693375,0.87736267,0.9104688,0.82566303,0.914479,0.84706336,0.91287804,0.8664832,0.92903584,0.8562862,0.878347,0.87685496,0.88881755,0.76922405
0.84233385,0.7617446,0.8741838,0.7337592,0.9759034,0.89937246,0.84278196,0.9500339,0.95567447,0.7903902,0.9215632,0.86079144,0.7432334,0.87832946,0.8925464,0.90103906,0.9367491,0.916764,0.8944651,0.77230704,0.8494844,0.842957,0.9508268,0.85757035,0.7964483,0.8357709,0.5,0.8797746,0.8942582,0.92134804,0.85474634,0.8158335,0.84470636,0.8435944,0.88640654,0.7853609,0.5,0.9113193,0.83117247,0.95152,0.5,0.8763445,0.86104625,0.86209774,0.9349927,0.8916321,0.90219295,0.87723196,0.8896483,0.5,0.93753606,0.8945641,0.8402321,0.9122787,0.8762233,0.9269636,0.8582682,0.9213469,0.7658778,0.9381691,0.9213191,0.8785604,0.9017937,0.8827727,0.89121974
0.8478614,0.8506358,0.88788486,0.8872083,0.97682065,0.91134244,0.9005604,0.9502497,0.9603206,0.753692,0.914547,0.8502383,0.8843392,0.5,0.86499757,0.88387,0.9423361,0.9248926,0.9049802,0.67256784,0.8014689,0.8308944,0.9559568,0.8799817,0.8294111,0.9620679,0.5,0.5,0.9170919,0.9300503,0.85910255,0.8048835,0.8529889,0.5,0.83275753,0.5,0.5,0.92444736,0.83668625,0.95801365,0.5,0.8855168,0.7871806,0.7120773,0.9545467,0.89353025,0.90150094,0.8969018,0.8809709,0.5,0.93512726,0.91052264,0.89940935,0.92770994,0.84445935,0.5,0.8397177,0.91126835,0.8185061,0.8996886,0.8883634,0.91526526,0.86601454,0.847936,0.5
0.7308425,0.8775123,0.90324533,0.87555075,0.97639656,0.9253515,0.8772963,0.95705026,0.9666243,0.82651526,0.9311832,0.887375,0.9140109,0.88040096,0.76906276,0.9323162,0.9544125,0.91315764,0.90008885,0.9123252,0.8412444,0.8569304,0.9633053,0.870409,0.86206144,0.5,0.5,0.5,0.5,0.93826294,0.83724284,0.6956993,0.90366256,0.5,0.78488016,0.69416213,0.5,0.7991458,0.8695001,0.9563755,0.5,0.93342704,0.9026882,0.7230937,0.91718686,0.9165725,0.86728686,0.9208916,0.8978184,0.5,0.95521855,0.9273783,0.90760964,0.9452493,0.81188655,0.5,0.8891301,0.9178327,0.8014659,0.9534983,0.9087397,0.913253,0.9404045,0.8993495,0.8484978
0.7048634,0.8816473,0.9281504,0.89226574,0.9847449,0.94987303,0.9304091,0.68859655,0.9750988,0.8317026,0.9364254,0.9136544,0.93103904,0.9143613,0.78448164,0.94095045,0.95966715,0.7121103,0.72049844,0.945868,0.5,0.8710822,0.9755952,0.91969335,0.88645655,0.5,0.5,0.5,0.5,0.5,0.9218452,0.7310746,0.90509635,0.5,0.8413003,0.7154057,0.5,0.922629,0.896992,0.9689542,0.5,0.95230746,0.8172959,0.9364864,0.5,0.9216985,0.94938266,0.9278094,0.9009932,0.5,0.9736744,0.5,0.9270033,0.96126884,0.9184533,0.5,0.8961365,0.95305425,0.77423126,0.9314432,0.91354185,0.87669504,0.9611205,0.9021096,0.5
0.5,0.90042925,0.9496252,0.9025786,0.98805934,0.96554244,0.9339133,0.5,0.98321337,0.91189504,0.9525885,0.93777686,0.9521219,0.94052386,0.5,0.965805,0.5,0.7962063,0.9047116,0.9641513,0.5,0.9339032,0.98208964,0.9393649,0.9352141,0.5,0.5,0.5,0.68301266,0.5,0.8593911,0.7466383,0.92396444,0.6883067,0.5,0.5,0.5,0.95308363,0.7639038,0.98112756,0.5,0.9695879,0.5,0.7886292,0.71707624,0.5,0.969409,0.9574494,0.90863526,0.5,0.5,0.5,0.9566958,0.97337,0.9416725,0.5,0.93176293,0.97087145,0.5,0.9738078,0.8150259,0.9549219,0.9687612,0.732667,0.5
0.7287348,0.9002597,0.69443643,0.93025625,0.98703,0.95993656,0.82689536,0.5,0.9810473,0.93918085,0.95453143,0.9348532,0.9332604,0.91366684,0.5,0.9033098,0.68339056,0.6947204,0.88612765,0.9576822,0.8350772,0.9046502,0.9819319,0.889371,0.91431415,0.5,0.5,0.5,0.68508595,0.5,0.95119977,0.8396673,0.87071645,0.5,0.8416449,0.7222861,0.5,0.49999997,0.9157446,0.9756972,0.5,0.97019535,0.819021,0.9565464,0.7065604,0.5,0.5,0.95598924,0.9221502,0.5,0.5,0.5,0.9611639,0.7793076,0.83434504,0.5,0.9222272,0.49999997,0.7829139,0.9526339,0.9571545,0.97331715,0.5,0.91812533,0.5
0.91794366,0.9382084,0.74971515,0.9389721,0.99193764,0.9546266,0.9322396,0.5,0.98681754,0.8923648,0.9610958,0.9405136,0.94928885,0.8893522,0.8113723,0.9401605,0.5,0.97696644,0.9456511,0.95956147,0.5,0.8976157,0.9359809,0.8905438,0.49999997,0.5,0.5,0.5,0.5,0.5,0.95342124,0.93498826,0.5,0.5,0.8652686,0.5,0.5,0.49999997,0.9280533,0.98072636,0.5,0.97269386,0.8429185,0.9631899,0.67880905,0.5,0.9815418,0.96629083,0.9215078,0.5,0.688723,0.7014648,0.96548754,0.975264,0.5,0.5,0.9201874,0.7676489,0.76047415,0.9670257,0.97548,0.86984354,0.84596485,0.92141134,0.5
0.89040077,0.8922398,0.9401369,0.9064368,0.97423244,0.9442341,0.93084866,0.5,0.81957215,0.83875144,0.9620061,0.9324962,0.94544935,0.849047,0.84961736,0.9662117,0.9712169,0.78262794,0.8979548,0.9583205,0.8835911,0.91766405,0.9705514,0.9199352,0.49999997,0.91072285,0.829835,0.5,0.5,0.5,0.9188308,0.89913845,0.5,0.5,0.5,0.79987186,0.5,0.9433865,0.91443825,0.8403647,0.5,0.9694401,0.78138334,0.952405,0.7000226,0.5,0.9694634,0.94559085,0.91744894,0.5,0.5,0.5,0.96140933,0.96723336,0.94267595,0.5,0.92688656,0.9092026,0.7886502,0.9486782,0.9734438,0.97062373,0.974434,0.91550744,0.5
0.910378,0.9024238,0.9234225,0.9212224,0.98533314,0.94532955,0.8024295,0.9596265,0.96401036,0.85318786,0.9418616,0.91729426,0.9277053,0.5,0.8068984,0.9399249,0.8918834,0.9423668,0.8728782,0.9136067,0.5,0.9080339,0.9709468,0.8992813,0.896877,0.5,0.7925585,0.5,0.5,0.5,0.9051674,0.85401237,0.91780597,0.5,0.8696132,0.8459533,0.5,0.9204006,0.8847146,0.9117858,0.5,0.9486617,0.8818496,0.8454191,0.84921765,0.5,0.9440101,0.90797246,0.89537567,0.5,0.96194476,0.93136084,0.9352535,0.94801277,0.875638,0.7190495,0.91263616,0.9202172,0.85300416,0.9208981,0.949,0.93577325,0.95318645,0.92700887,0.5
0.9098389,0.9025164,0.9253224,0.9075682,0.9867522,0.92904514,0.942544,0.9346745,0.971383,0.87978196,0.93591017,0.92209274,0.9261624,0.9005763,0.5,0.93936414,0.94963354,0.8248728,0.91485655,0.9207961,0.5,0.90930074,0.9690778,0.8995923,0.90055287,0.5,0.7897933,0.8620553,0.5,0.5,0.92138964,0.8570541,0.90820926,0.5,0.87956244,0.5,0.5,0.8586786,0.88411945,0.93350714,0.5,0.95584947,0.90674657,0.9080538,0.9351774,0.5,0.81796104,0.9341331,0.9115094,0.5,0.93902665,0.91755545,0.9334972,0.95230865,0.89223164,0.5,0.91504115,0.95420575,0.89309394,0.85802907,0.94439566,0.9592876,0.95459586,0.92211914,0.5
0.89672923,0.8949728,0.92849505,0.9489783,0.9843866,0.90457064,0.93287414,0.92910445,0.9668415,0.8691915,0.92816657,0.912879,0.93096256,0.8490247,0.5,0.94589305,0.85693,0.9450499,0.92066395,0.8119943,0.90935415,0.8964142,0.96748304,0.8980484,0.49999997,0.5,0.5,0.5,0.5,0.5,0.9228546,0.8887086,0.8787646,0.90186167,0.9099216,0.5,0.5,0.87979066,0.88352066,0.9701406,0.5,0.94173074,0.82600045,0.9244529,0.5,0.5,0.795374,0.93509144,0.9163565,0.5,0.5,0.9446187,0.9200578,0.91902703,0.8915942,0.9450487,0.8949212,0.9527993,0.87306595,0.9177571,0.94602764,0.9348562,0.8645608,0.93503463,0.82218003
0.5,0.8651196,0.9346592,0.92329794,0.98706263,0.9319414,0.8414446,0.95241404,0.9807956,0.8367717,0.93737644,0.9253179,0.9174978,0.87793076,0.5,0.9153193,0.8852819,0.7727324,0.8836713,0.9171134,0.8261601,0.87032604,0.9587056,0.89621735,0.49999997,0.5,0.5,0.92498773,0.79855525,0.5,0.9315505,0.8438509,0.89441234,0.83747023,0.93152183,0.5,0.5,0.9365583,0.901889,0.9687141,0.5,0.9390145,0.80382013,0.8408937,0.93787545,0.5,0.83018094,0.9404024,0.9069705,0.5,0.5,0.91171724,0.9488865,0.9217732,0.87795144,0.5,0.90812546,0.9556311,0.86900157,0.9555334,0.9526829,0.97818446,0.8886233,0.8954392,0.5
0.83760655,0.88712394,0.93821156,0.84400654,0.9674709,0.95522225,0.8054813,0.5,0.76878047,0.8621273,0.9274511,0.93602586,0.9374261,0.5,0.5,0.9640317,0.9554974,0.7744394,0.8380491,0.9166514,0.5,0.89625686,0.95772344,0.86067337,0.49999997,0.5,0.5,0.7963638,0.5,0.5,0.93003374,0.81587446,0.8975427,0.5,0.8844167,0.75407386,0.5,0.49999997,0.9055125,0.90451825,0.5,0.9767345,0.9422445,0.9145784,0.5,0.5,0.9585454,0.94071054,0.9031778,0.5,0.5,0.5,0.95718956,0.96228063,0.8831095,0.5,0.8504867,0.9711273,0.8646013,0.5,0.9699094,0.8429085,0.90028733,0.8765654,0.5
0.87556636,0.895541,0.8339612,0.95176685,0.9819766,0.955721,0.79474,0.5,0.72759736,0.94422185,0.86905247,0.8975324,0.9245933,0.89420164,0.5,0.9713532,0.5,0.97791135,0.85572153,0.90907127,0.5,0.8444342,0.7461487,0.8972497,0.49999997,0.5,0.5,0.5,0.5,0.5,0.94227505,0.8625841,0.9099479,0.5,0.5,0.7934186,0.5,0.49999997,0.91530657,0.83505,0.5,0.78069544,0.5,0.9524128,0.5,0.5,0.7379675,0.9477564,0.83442026,0.5,0.73683965,0.746249,0.96958953,0.97193563,0.5,0.5,0.9177833,0.9738332,0.9223649,0.5,0.86884874,0.99013305,0.8144916,0.9133357,0.5
0.8566635,0.92377925,0.80548424,0.9352555,0.8886327,0.95482373,0.8802742,0.5,0.7832995,0.8437521,0.77841216,0.9486226,0.9415555,0.818495,0.8007973,0.97295606,0.5,0.97377366,0.885425,0.87264013,0.5,0.86072445,0.95796037,0.8421481,0.49999997,0.5,0.5,0.5,0.5,0.5,0.94065696,0.86867267,0.9138049,0.5,0.8858201,0.5,0.5,0.9333638,0.78187823,0.9203047,0.5,0.80461055,0.9306842,0.9281823,0.5,0.5,0.7344558,0.95119226,0.8613019,0.5,0.5,0.5,0.9698776,0.9709921,0.9139544,0.5,0.90903634,0.97518116,0.93300587,0.5,0.8416163,0.768589,0.963837,0.93156505,0.8069523
0.5,0.9380159,0.5,0.97434556,0.9335672,0.8784465,0.83056015,0.5,0.9890122,0.8065851,0.86211264,0.95034987,0.91839814,0.5,0.86143273,0.85234904,0.79805505,0.97375745,0.5,0.7711888,0.8881428,0.8944816,0.9705375,0.872562,0.49999997,0.5,0.5,0.5,0.5,0.5,0.94260925,0.86517406,0.92342925,0.5,0.5,0.5,0.5,0.9423625,0.9159576,0.78087795,0.5,0.80538124,0.85562456,0.8406811,0.5,0.5,0.76406807,0.95456135,0.90258867,0.5,0.5,0.829713,0.95770353,0.93696964,0.5,0.5,0.9111684,0.9739084,0.5,0.8462011,0.7395229,0.86633104,0.9236229,0.9094395,0.5
0.8806429,0.9351731,0.5,0.95172864,0.8811544,0.9579349,0.8408715,0.5,0.7757073,0.84004647,0.8944473,0.94758016,0.9433149,0.91215456,0.5,0.88124484,0.8485888,0.82536954,0.5,0.5,0.5,0.89195114,0.9659937,0.8501157,0.49999997,0.5,0.5,0.86849904,0.5,0.5,0.92972094,0.7711108,0.7819455,0.5,0.5,0.5,0.5,0.49999997,0.8940168,0.7988813,0.5,0.81183606,0.81570745,0.8956936,0.5,0.5,0.7606611,0.95701003,0.8732063,0.5,0.5,0.5,0.9734816,0.8877902,0.5,0.5,0.90606564,0.97513705,0.92754513,0.77134705,0.9539656,0.96506727,0.7590562,0.8670194,0.5
0.8805664,0.9212988,0.5,0.94992036,0.86660624,0.9648755,0.82717097,0.5,0.8101211,0.95467013,0.8948233,0.9510896,0.94388497,0.8939198,0.5,0.958479,0.7844199,0.8397049,0.79454064,0.72998935,0.5,0.9027431,0.70820504,0.5,0.49999997,0.5,0.8071745,0.5,0.5,0.5,0.945454,0.9687262,0.8023144,0.5,0.5,0.5,0.5,0.49999997,0.91340446,0.9570165,0.5,0.88600856,0.5,0.84583676,0.5,0.8674287,0.7914662,0.94569856,0.87009376,0.5,0.5,0.5,0.9743505,0.8612598,0.5,0.5,0.90712136,0.7779353,0.89504254,0.5,0.82887757,0.7660382,0.8328359,0.9151537,0.5
0.91667527,0.8750843,0.5,0.93524057,0.9954233,0.9154721,0.49999997,0.5,0.5,0.9333093,0.82149035,0.95878,0.9365322,0.5,0.5,0.87128353,0.77399874,0.9878335,0.5,0.7821529,0.8503669,0.90377325,0.835186,0.90834826,0.49999997,0.5,0.5,0.5,0.5,0.5,0.9564255,0.90032274,0.5,0.5,0.5,0.5,0.5,0.7703423,0.5,0.97344905,0.5,0.91859984,0.5,0.8245558,0.5,0.5,0.80260545,0.9597544,0.90161276,0.5,0.779937,0.5,0.9748197,0.84297067,0.86641484,0.5,0.5,0.83780587,0.93940926,0.5,0.8796434,0.98793775,0.9566552,0.94120806,0.5
0.89869887,0.92703414,0.5,0.9318106,0.9932834,0.9735436,0.49999997,0.5,0.5,0.9393207,0.81265914,0.9424354,0.9247664,0.5,0.5,0.86611825,0.78703177,0.9845648,0.5,0.7808461,0.90846574,0.92657477,0.84229606,0.9099773,0.49999997,0.5,0.5,0.5,0.5,0.5,0.95497847,0.9709617,0.5,0.5,0.5,0.5,0.5,0.49999997,0.9040261,0.9318503,0.5,0.7999325,0.5,0.5,0.5,0.5,0.7801833,0.9639944,0.81582063,0.5,0.5,0.5,0.95441,0.88718015,0.5,0.5,0.5,0.9547003,0.5,0.5,0.84571505,0.98113686,0.8622663,0.8743711,0.5
0.936054,0.9451092,0.5,0.9444345,0.99665725,0.97304976,0.80827564,0.5,0.5,0.9647533,0.89346665,0.9535352,0.89219224,0.5,0.5,0.8954175,0.5,0.99182564,0.5,0.5,0.5,0.92514354,0.7746188,0.9339322,0.49999997,0.7331034,0.5,0.5,0.7912923,0.5,0.9621311,0.977187,0.8276918,0.5,0.9385779,0.5,0.5,0.49999997,0.9473141,0.94414383,0.5,0.9802103,0.8510597,0.5,0.5,0.5,0.8058032,0.96385133,0.8743911,0.5,0.5,0.5,0.868983,0.8836972,0.86608917,0.5,0.93663704,0.8999663,0.5,0.5,0.967264,0.9902252,0.78540796,0.8653299,0.5
0.9094565,0.9325165,0.5,0.9554298,0.995318,0.9457432,0.49999997,0.5,0.5,0.95946944,0.8105945,0.8649142,0.94633055,0.5,0.5,0.8905356,0.5,0.49999997,0.5,0.5,0.5,0.9099944,0.7752221,0.5,0.49999997,0.5,0.5,0.5,0.5,0.5,0.9604767,0.97851086,0.5,0.5,0.5,0.5,0.5,0.49999997,0.8935373,0.9775945,0.5,0.9901135,0.5,0.5,0.5,0.5,0.7444206,0.8428813,0.5,0.5,0.5,0.5,0.8049238,0.9041148,0.87624043,0.5,0.85959476,0.7702711,0.5,0.5,0.8422282,0.86723757,0.9301095,0.8741366,0.5
0.5,0.9503157,0.5,0.97810274,0.99740535,0.9472987,0.49999997,0.5,0.5,0.9723555,0.8683382,0.9684207,0.96251696,0.5,0.5,0.49999997,0.5,0.9944532,0.5,0.5,0.5,0.9329213,0.5,0.92409754,0.49999997,0.5,0.5,0.5,0.5,0.5,0.97024554,0.9808993,0.5,0.5,0.5,0.5,0.5,0.80872285,0.9386472,0.98242146,0.5,0.95386744,0.5,0.87571377,0.5,0.5,0.7498527,0.8197435,0.94771135,0.5,0.5,0.5,0.8032186,0.9004779,0.82614166,0.5,0.92717856,0.85407627,0.5,0.5,0.91203594,0.84838843,0.928676,0.8768719,0.5
0.86453444,0.90164834,0.5,0.95783126,0.99728525,0.9745872,0.49999997,0.5,0.5,0.96742606,0.85364604,0.95076764,0.94907236,0.5,0.5,0.91971815,0.5,0.49999997,0.5,0.5,0.5,0.94052523,0.9004978,0.8719525,0.49999997,0.5,0.5,0.5,0.5,0.5,0.9663305,0.9797434,0.9310819,0.5,0.5,0.5,0.9049692,0.49999997,0.83259034,0.5,0.5,0.9920271,0.790312,0.5,0.5,0.5,0.8112372,0.8948704,0.8811274,0.5,0.5,0.78288895,0.8797806,0.8950766,0.5,0.5,0.9050314,0.84449434,0.5,0.5,0.96418345,0.91547376,0.9887171,0.94825804,0.5
0.5,0.89393145,0.5,0.9752786,0.9949449,0.8963384,0.49999997,0.5,0.5,0.92848474,0.821223,0.858407,0.84492695,0.5,0.5,0.8210436,0.5,0.99570954,0.5,0.5,0.5,0.9370856,0.5,0.5,0.49999997,0.5,0.5,0.5,0.5,0.5,0.9682132,0.5,0.5,0.5,0.5,0.5,0.5,0.49999997,0.85521954,0.5,0.5,0.7808437,0.78716767,0.5,0.5,0.5,0.77736557,0.8765495,0.88817984,0.5,0.5,0.5,0.91311455,0.9313326,0.5,0.5,0.5,0.84256655,0.5,0.5,0.5,0.9292812,0.9864292,0.9511609,0.5
0.5,0.87928426,0.5,0.9543675,0.9974588,0.96353173,0.49999997,0.5,0.5,0.89491904,0.81779766,0.96527976,0.9509486,0.5,0.5,0.8341741,0.5,0.99524516,0.5,0.5,0.5,0.93301445,0.5,0.94327176,0.49999997,0.5,0.5,0.5,0.5,0.5,0.95268774,0.5,0.5,0.5,0.5,0.5,0.5,0.49999997,0.831688,0.78852767,0.5,0.9914458,0.5,0.9872341,0.5,0.5,0.798594,0.8735113,0.8310153,0.5,0.5,0.5,0.8931624,0.98899525,0.8678522,0.5,0.5,0.9594645,0.5,0.5,0.89641994,0.9981476,0.99100894,0.89559263,0.5
0.5,0.8415332,0.5,0.97137487,0.998113,0.98126966,0.49999997,0.5,0.5,0.8135682,0.833903,0.83484316,0.5,0.960305,0.5,0.49999997,0.5,0.996625,0.5,0.5,0.5,0.9481573,0.5,0.5,0.49999997,0.5,0.5,0.5,0.5,0.5,0.950659,0.8712734,0.5,0.5,0.5,0.5,0.5,0.49999997,0.5,0.81282324,0.5,0.49999997,0.5,0.5,0.5,0.5,0.5,0.86090165,0.8954472,0.5,0.5,0.5,0.87440056,0.99215096,0.5,0.5,0.5,0.9015318,0.5,0.5,0.90848356,0.9983263,0.95771503,0.95870847,0.5
0.9402098,0.85789853,0.5,0.96800536,0.9983815,0.939355,0.49999997,0.5,0.5,0.97718245,0.5,0.8891166,0.84959435,0.5,0.5,0.49999997,0.5,0.99745715,0.5,0.8050583,0.5,0.9482345,0.5,0.5,0.49999997,0.5,0.5,0.5,0.5,0.5,0.934108,0.98281294,0.5,0.5,0.5,0.5,0.5,0.49999997,0.5,0.83401644,0.5,0.96857744,0.5,0.5,0.5,0.5,0.99758416,0.8691275,0.5,0.5,0.5,0.5,0.8789659,0.9866089,0.5,0.5,0.5,0.98892397,0.5,0.5,0.753758,0.99619704,0.94731635,0.9096212,0.5
0.5,0.8283437,0.5,0.946462,0.99561757,0.98021203,0.49999997,0.5,0.5,0.9768704,0.86494046,0.9211211,0.88103867,0.5,0.5,0.9108993,0.5,0.49999997,0.5,0.79458517,0.5,0.9510163,0.5,0.8734102,0.49999997,0.5,0.5,0.5,0.5,0.5,0.9589413,0.5,0.5,0.5,0.5,0.5,0.5,0.49999997,0.5,0.5,0.5,0.99401355,0.5,0.5,0.5,0.5,0.5,0.913481,0.5,0.5,0.5,0.5,0.97761315,0.9930087,0.5,0.5,0.90088004,0.49999997,0.5,0.5,0.8757782,0.9938555,0.96722484,0.93158823,0.5
0.5,0.8941324,0.5,0.94047093,0.99860305,0.9866638,0.49999997,0.5,0.7628424,0.9806759,0.85338414,0.94899994,0.5,0.5,0.5,0.49999997,0.5,0.49999997,0.5,0.79270244,0.5,0.9596777,0.5,0.5,0.49999997,0.5,0.5,0.5,0.5,0.5,0.9664077,0.98571086,0.5,0.5,0.5,0.5,0.5,0.49999997,0.5,0.5,0.5,0.72323054,0.5,0.5,0.5,0.5,0.5,0.87288934,0.91366166,0.5,0.5,0.5,0.97884333,0.9914648,0.903448,0.5,0.5,0.8327593,0.5,0.5,0.9084122,0.99781495,0.9275318,0.5,0.5
0.5,0.8755683,0.5,0.5,0.9988862,0.96302104,0.49999997,0.5,0.5,0.9818338,0.8955129,0.9660331,0.86012214,0.5,0.5,0.49999997,0.5,0.49999997,0.5,0.83619505,0.5,0.9528349,0.5,0.5,0.49999997,0.5,0.5,0.5,0.5,0.5,0.9559441,0.9784998,0.5,0.5,0.5,0.5,0.5,0.49999997,0.8221762,0.5,0.5,0.49999997,0.5,0.5,0.5,0.5,0.5,0.9274281,0.8100808,0.5,0.5,0.5,0.94520235,0.99285644,0.8127994,0.5,0.79966056,0.8671945,0.5,0.5,0.8792295,0.9971279,0.9365723,0.5,0.5
0.5,0.80840003,0.5,0.85878974,0.99870676,0.91341054,0.49999997,0.5,0.5,0.94574785,0.5,0.97797626,0.5,0.5,0.5,0.49999997,0.5,0.49999997,0.5,0.5,0.5,0.9541339,0.5,0.5,0.49999997,0.5,0.5,0.5,0.5,0.5,0.95176005,0.5,0.5,0.5,0.5,0.5,0.5,0.49999997,0.5,0.5,0.5,0.49999997,0.5,0.5,0.5,0.5,0.5,0.95837617,0.5,0.5,0.5,0.5,0.97147,0.5,0.5,0.5,0.5,0.8359601,0.5,0.5,0.82892096,0.9828058,0.880619,0.5,0.5
0.5,0.8254623,0.5,0.887995,0.9991471,0.9333911,0.49999997,0.5,0.5,0.9820716,0.5,0.9209969,0.5,0.5,0.5,0.49999997,0.5,0.49999997,0.5,0.5,0.5,0.9556882,0.5,0.5,0.49999997,0.5,0.5,0.5,0.5,0.5,0.96394306,0.5,0.5,0.5,0.5,0.5,0.5,0.49999997,0.5,0.5,0.5,0.49999997,0.5,0.5,0.5,0.5,0.5,0.5,0.5,0.5,0.5,0.5,0.98190916,0.5,0.5,0.5,0.5,0.85104114,0.5,0.5,0.8363885,0.94790244,0.9690864,0.5,0.5
0.5,0.8723147,0.5,0.91635007,0.998713,0.92517924,0.49999997,0.5,0.5,0.8496635,0.5,0.97857726,0.5,0.5,0.5,0.49999997,0.5,0.49999997,0.5,0.5,0.5,0.9526822,0.5,0.93751,0.49999997,0.5,0.5,0.5,0.5,0.5,0.9772678,0.5,0.5,0.5,0.5,0.5,0.5,0.49999997,0.5,0.8287874,0.5,0.49999997,0.5,0.81628096,0.5,0.5,0.5,0.87687916,0.5,0.5,0.5,0.5,0.9517935,0.9787748,0.5,0.5,0.5,0.49999997,0.5,0.5,0.85245657,0.9984136,0.9432226,0.5,0.5
0.5,0.8923063,0.5,0.95258766,0.99908173,0.9690339,0.86958504,0.5,0.5,0.9817512,0.5,0.94629747,0.5,0.5,0.5,0.49999997,0.5,0.49999997,0.5,0.5,0.5,0.90793985,0.5,0.5,0.49999997,0.5,0.5,0.5,0.5,0.5,0.96710175,0.5,0.5,0.5,0.5,0.5,0.5,0.49999997,0.5,0.82515806,0.5,0.79079956,0.5,0.7923142,0.5,0.5,0.5,0.5,0.5,0.5,0.5,0.5,0.9882355,0.9334475,0.5,0.5,0.9194159,0.99160177,0.5,0.5,0.92065626,0.99911195,0.9826947,0.5,0.5
0.5,0.89739,0.5,0.95498127,0.999174,0.9346185,0.8983029,0.5,0.5,0.98587024,0.5,0.9807318,0.5,0.5,0.5,0.49999997,0.5,0.49999997,0.5,0.5,0.5,0.9451507,0.5,0.87783545,0.49999997,0.5,0.5,0.5,0.5,0.5,0.97327334,0.5,0.5,0.5,0.5,0.5,0.5,0.49999997,0.5,0.5,0.5,0.8604073,0.5,0.8135338,0.5,0.5,0.5,0.9373577,0.5,0.5,0.5,0.5,0.976356,0.5,0.9411493,0.5,0.9034926,0.9939038,0.5,0.5,0.960523,0.9970098,0.98909295,0.5,0.5
0.9231897,0.84898555,0.5,0.9240011,0.99882215,0.82864255,0.49999997,0.5,0.5,0.96404445,0.5,0.9533006,0.5,0.5,0.5,0.49999997,0.5,0.49999997,0.5,0.5,0.5,0.95141214,0.5,0.5,0.49999997,0.5,0.5,0.5,0.5,0.5,0.9393225,0.5,0.5,0.5,0.5,0.5,0.5,0.49999997,0.5,0.5,0.5,0.49999997,0.5,0.5,0.5,0.5,0.5,0.9037225,0.5,0.5,0.5,0.5,0.9557576,0.5,0.5,0.5,0.5,0.9922982,0.5,0.5,0.8645832,0.9993321,0.9796975,0.8561864,0.5
0.92172205,0.8407817,0.5,0.9271017,0.9992199,0.89581656,0.49999997,0.5,0.5,0.96133864,0.5,0.9773936,0.5,0.5,0.5,0.49999997,0.5,0.49999997,0.5,0.5,0.5,0.9463007,0.5,0.5,0.49999997,0.5,0.5,0.5,0.5,0.5,0.9589166,0.5,0.5,0.5,0.5,0.5,0.5,0.49999997,0.5,0.5,0.5,0.49999997,0.5,0.5,0.5,0.5,0.5,0.5,0.5,0.5,0.5,0.5,0.9731875,0.5,0.5,0.5,0.5,0.99361986,0.5,0.5,0.8516818,0.9949659,0.95151126,0.8715153,0.5
0.5,0.90778095,0.5,0.5,0.998903,0.9176366,0.49999997,0.5,0.5,0.8596653,0.5,0.9767133,0.5,0.5,0.5,0.49999997,0.5,0.49999997,0.5,0.5,0.5,0.94291204,0.5,0.5,0.49999997,0.5,0.5,0.5,0.5,0.5,0.97139364,0.5,0.5,0.5,0.5,0.5,0.5,0.49999997,0.5,0.5,0.5,0.49999997,0.5,0.5,0.5,0.5,0.78334737,0.5,0.5,0.5,0.5,0.5,0.9544684,0.5,0.5,0.5,0.5,0.49999997,0.5,0.5,0.92618966,0.99412394,0.9453461,0.8807868,0.5
0.5,0.89209646,0.5,0.5,0.99917656,0.948902,0.49999997,0.5,0.5,0.8890812,0.5,0.9866913,0.5,0.5,0.5,0.49999997,0.5,0.49999997,0.5,0.5,0.5,0.941108,0.5,0.5,0.49999997,0.5,0.5,0.5,0.5,0.5,0.9818032,0.9019063,0.5,0.5,0.5,0.5,0.5,0.49999997,0.5,0.5,0.5,0.87839895,0.5,0.5,0.5,0.5,0.747197,0.5,0.5,0.5,0.5,0.5,0.96989554,0.99287796,0.5,0.5,0.5,0.49999997,0.5,0.5,0.9302806,0.9991378,0.95198095,0.5,0.5
0.5,0.91457444,0.5,0.5,0.999213,0.94351196,0.49999997,0.5,0.5,0.92211974,0.5,0.9669838,0.5,0.5,0.5,0.49999997,0.5,0.49999997,0.5,0.5,0.5,0.96251255,0.5,0.8911928,0.49999997,0.5,0.5,0.82524806,0.858657,0.5,0.979057,0.5,0.5,0.5,0.5,0.5,0.5,0.49999997,0.5,0.5,0.5,0.49999997,0.5,0.88423127,0.5,0.5,0.5,0.5,0.5,0.5,0.5,0.5,0.9850227,0.5,0.5,0.5,0.5,0.49999997,0.5,0.5,0.93898773,0.9941007,0.960602,0.5,0.5
0.5,0.8849383,0.5,0.5,0.9993804,0.9325688,0.49999997,0.5,0.5,0.97346604,0.5,0.98679245,0.5,0.5,0.5,0.49999997,0.5,0.49999997,0.5,0.5,0.5,0.9518659,0.90037507,0.5,0.49999997,0.5,0.5,0.5,0.5,0.5,0.98496187,0.9025772,0.5,0.5,0.5,0.5,0.5,0.49999997,0.5,0.5,0.5,0.87243825,0.5,0.5,0.5,0.5,0.5,0.5,0.5,0.5,0.5,0.5,0.97694176,0.5,0.5,0.5,0.5,0.49999997,0.5,0.5,0.945713,0.9988569,0.96534,0.8758902,0.5
0.9549528,0.9122968,0.5,0.5,0.5,0.9545715,0.83554775,0.5,0.5,0.97436297,0.8469275,0.98678285,0.5,0.5,0.5,0.49999997,0.5,0.49999997,0.5,0.5,0.5,0.97696155,0.5,0.5,0.49999997,0.5,0.5,0.5,0.5,0.5,0.49999997,0.5,0.5,0.5,0.5,0.5,0.5,0.49999997,0.5,0.5,0.5,0.8817786,0.5,0.90980005,0.5,0.5,0.5,0.5,0.5,0.5,0.5,0.5,0.9934508,0.5,0.5,0.5,0.5,0.9361389,0.5,0.5,0.93630356,0.99986434,0.97120243,0.8914704,0.5
0.5,0.5,0.5,0.5,0.99944586,0.9563666,0.8505924,0.5,0.5,0.921954,0.5,0.9738025,0.5,0.5,0.5,0.49999997,0.5,0.49999997,0.5,0.5,0.5,0.9666762,0.5,0.5,0.49999997,0.5,0.5,0.5,0.5,0.5,0.9843665,0.5,0.5,0.5,0.5,0.5,0.5,0.49999997,0.5,0.5,0.5,0.49999997,0.5,0.8976035,0.5,0.5,0.5,0.5,0.5,0.5,0.5,0.5,0.9913893,0.5,0.5,0.5,0.5,0.9061701,0.5,0.5,0.91446185,0.99852955,0.9568358,0.88132674,0.5
0.972893,0.5,0.5,0.9641449,0.9996542,0.90366644,0.8455907,0.5,0.5,0.9424541,0.5,0.9874008,0.5,0.5,0.5,0.49999997,0.5,0.49999997,0.5,0.5,0.5,0.9582904,0.5,0.5,0.49999997,0.5,0.5,0.5,0.5,0.5,0.49999997,0.5,0.5,0.5,0.5,0.5,0.5,0.49999997,0.5,0.5,0.5,0.49999997,0.5,0.5,0.5,0.5,0.5,0.5,0.5,0.5,0.5,0.5,0.987959,0.8984537,0.5,0.5,0.5,0.95118266,0.5,0.84301287,0.94034404,0.9952196,0.9756778,0.9002365,0.5
0.5,0.9227278,0.5,0.5,0.95125806,0.9743294,0.90519994,0.5,0.5,0.98960316,0.5,0.9893759,0.5,0.5,0.5,0.49999997,0.5,0.49999997,0.5,0.5,0.5,0.95358646,0.5,0.5,0.49999997,0.5,0.5,0.5,0.5,0.5,0.9835347,0.5,0.5,0.5,0.5,0.5,0.5,0.49999997,0.5,0.5,0.5,0.49999997,0.5,0.5,0.5,0.5,0.5,0.5,0.5,0.5,0.5,0.5,0.99629045,0.9449225,0.5,0.5,0.8933608,0.49999997,0.5,0.5,0.92399687,0.98846847,0.9773804,0.9409369,0.5
0.5,0.5,0.5,0.5,0.5,0.954938,0.8841758,0.5,0.5,0.90434825,0.85378844,0.9882817,0.5,0.5,0.5,0.49999997,0.5,0.49999997,0.5,0.5,0.5,0.9697039,0.5,0.5,0.49999997,0.5,0.5,0.5,0.5,0.5,0.9863655,0.5,0.5,0.5,0.5,0.5,0.5,0.49999997,0.5,0.5,0.5,0.49999997,0.5,0.5,0.5,0.5,0.5,0.5,0.5,0.5,0.5,0.5,0.99602395,0.92202395,0.5,0.5,0.8355284,0.91682285,0.5,0.5,0.94573545,0.5,0.9753974,0.9260299,0.5
0.5,0.96187437,0.5,0.5,0.5,0.9729523,0.49999997,0.5,0.5,0.5,0.5,0.9885307,0.5,0.5,0.5,0.49999997,0.5,0.49999997,0.5,0.5,0.5,0.97270685,0.5,0.5,0.49999997,0.5,0.5,0.5,0.5,0.5,0.49999997,0.5,0.5,0.5,0.5,0.5,0.5,0.49999997,0.5,0.5,0.5,0.49999997,0.5,0.5,0.5,0.5,0.5,0.5,0.5,0.5,0.5,0.5,0.9970005,0.5,0.5,0.5,0.5,0.9142003,0.5,0.5,0.92863476,0.99991953,0.97899425,0.87246937,0.5
0.5,0.5,0.5,0.5,0.5,0.9737945,0.93410385,0.5,0.5,0.5,0.5,0.9884997,0.5,0.5,0.5,0.49999997,0.5,0.49999997,0.5,0.5,0.5,0.9728456,0.5,0.5,0.49999997,0.5,0.5,0.5,0.5,0.5,0.97075576,0.5,0.5,0.5,0.5,0.5,0.5,0.49999997,0.5,0.5,0.5,0.49999997,0.5,0.5,0.5,0.5,0.5,0.5,0.5,0.5,0.5,0.5,0.9957962,0.9306663,0.5,0.5,0.8860231,0.49999997,0.5,0.91801786,0.9197481,0.9999174,0.9844378,0.9345664,0.5
0.5,0.5,0.5,0.5,0.9355823,0.98453915,0.9129936,0.5,0.5,0.5,0.907855,0.9907454,0.5,0.5,0.5,0.49999997,0.5,0.49999997,0.5,0.5,0.5,0.9817855,0.5,0.5,0.49999997,0.5,0.5,0.5,0.5,0.5,0.49999997,0.9493362,0.5,0.5,0.5,0.5,0.5,0.49999997,0.5,0.5,0.5,0.49999997,0.5,0.5,0.5,0.5,0.5,0.5,0.5,0.5,0.5,0.5,0.99754286,0.958116,0.5,0.5,0.9081547,0.49999997,0.5,0.9139776,0.9498806,0.99989796,0.9840612,0.9602195,0.5
0.5,0.5,0.5,0.5,0.5,0.9804895,0.49999997,0.5,0.5,0.9589194,0.9124562,0.9914719,0.5,0.5,0.5,0.49999997,0.5,0.49999997,0.5,0.5,0.5,0.9823756,0.5,0.5,0.49999997,0.5,0.5,0.5,0.5,0.5,0.49999997,0.5,0.5,0.5,0.5,0.5,0.5,0.49999997,0.5,0.5,0.5,0.49999997,0.5,0.93685025,0.5,0.5,0.5,0.5,0.5,0.5,0.5,0.5,0.9976205,0.9471416,0.5,0.5,0.5,0.9690001,0.5,0.5,0.9384755,0.5,0.98768234,0.9307062,0.5
0.958282,0.5,0.5,0.5,0.5,0.9864851,0.9195254,0.5,0.5,0.5,0.9255084,0.99270195,0.5,0.5,0.5,0.49999997,0.5,0.49999997,0.5,0.5,0.5,0.9703522,0.5,0.5,0.49999997,0.5,0.5,0.5,0.5,0.5,0.98418635,0.5,0.5,0.5,0.5,0.5,0.5,0.49999997,0.5,0.5,0.5,0.49999997,0.5,0.8547355,0.5,0.5,0.5,0.5,0.5,0.5,0.5,0.5,0.9971083,0.97142655,0.5,0.5,0.5,0.9673245,0.5,0.9089703,0.94344413,0.5,0.99372494,0.9352988,0.5
0.5,0.5,0.5,0.5,0.5,0.9862828,0.8667966,0.5,0.5,0.5,0.9114377,0.9954996,0.5,0.5,0.5,0.49999997,0.5,0.49999997,0.5,0.5,0.5,0.9781846,0.5,0.5,0.49999997,0.5,0.5,0.5,0.5,0.5,0.49999997,0.95620143,0.5,0.5,0.5,0.5,0.5,0.49999997,0.5,0.5,0.5,0.49999997,0.5,0.9474741,0.5,0.5,0.5,0.5,0.5,0.5,0.5,0.5,0.9949255,0.9889112,0.5,0.5,0.5,0.49999997,0.5,0.9303087,0.97203934,0.9999266,0.9837706,0.9552977,0.5
0.5,0.5,0.5,0.5,0.5,0.99417293,0.93012786,0.5,0.5,0.5,0.9133589,0.99430037,0.5,0.5,0.5,0.49999997,0.5,0.49999997,0.5,0.5,0.5,0.98170227,0.5,0.5,0.49999997,0.5,0.5,0.5,0.5,0.5,0.49999997,0.97329986,0.5,0.5,0.5,0.5,0.5,0.49999997,0.5,0.5,0.5,0.9560338,0.5,0.96136886,0.5,0.5,0.5,0.5,0.5,0.5,0.5,0.5,0.9911436,0.9758422,0.5,0.5,0.5,0.97173333,0.5,0.9430189,0.96226054,0.9989398,0.98507345,0.5,0.5
0.5,0.5,0.5,0.5,0.9520992,0.98522097,0.49999997,0.5,0.5,0.5,0.9066662,0.9937886,0.5,0.5,0.5,0.49999997,0.5,0.49999997,0.5,0.5,0.5,0.9683064,0.5,0.5,0.49999997,0.5,0.5,0.5,0.5,0.5,0.9934279,0.9406371,0.5,0.5,0.5,0.5,0.5,0.49999997,0.5,0.5,0.5,0.93782496,0.5,0.9369535,0.5,0.5,0.9022805,0.9639451,0.5,0.5,0.5,0.5,0.9980937,0.971416,0.5,0.5,0.5,0.49999997,0.5,0.5,0.9788018,0.5,0.9848184,0.5,0.5
0.5,0.5,0.5,0.5,0.5,0.9827673,0.49999997,0.5,0.5,0.5,0.8878786,0.9936622,0.5,0.5,0.5,0.49999997,0.5,0.49999997,0.5,0.5,0.5,0.97624743,0.5,0.5,0.49999997,0.5,0.5,0.5,0.5,0.5,0.49999997,0.5,0.5,0.5,0.5,0.5,0.5,0.49999997,0.5,0.5,0.5,0.96078813,0.5,0.5,0.5,0.5,0.91356385,0.5,0.5,0.5,0.5,0.5,0.9980695,0.96398836,0.5,0.5,0.5,0.9380954,0.5,0.5,0.5,0.5,0.987468,0.5,0.5
0.5,0.5,0.5,0.5,0.5,0.9918574,0.91267514,0.5,0.5,0.5,0.8929075,0.9954548,0.5,0.5,0.5,0.49999997,0.5,0.49999997,0.5,0.5,0.5,0.985719,0.5,0.5,0.49999997,0.5,0.5,0.5,0.5,0.5,0.49999997,0.5,0.5,0.5,0.5,0.5,0.5,0.49999997,0.5,0.5,0.5,0.93442404,0.5,0.5,0.5,0.5,0.84739554,0.95854807,0.5,0.5,0.5,0.5,0.9986952,0.96030056,0.5,0.5,0.5,0.9700126,0.5,0.9793737,0.9249248,0.5,0.98837775,0.92421204,0.5
0.5,0.5,0.5,0.5,0.5,0.98339224,0.49999997,0.5,0.5,0.5,0.90766174,0.9919125,0.5,0.5,0.5,0.49999997,0.5,0.49999997,0.5,0.5,0.5,0.5,0.5,0.5,0.49999997,0.5,0.5,0.5,0.5,0.5,0.49999997,0.5,0.5,0.5,0.5,0.5,0.5,0.49999997,0.5,0.5,0.5,0.95617414,0.5,0.5,0.5,0.5,0.95329887,0.5,0.5,0.5,0.5,0.5,0.9983391,0.5,0.5,0.5,0.5,0.49999997,0.5,0.5,0.5,0.5,0.9861076,0.9662692,0.5
0.5,0.5,0.5,0.5,0.5,0.5,0.49999997,0.5,0.5,0.5,0.9119087,0.99424136,0.5,0.5,0.5,0.49999997,0.5,0.49999997,0.5,0.5,0.5,0.97070867,0.5,0.5,0.49999997,0.5,0.5,0.5,0.5,0.5,0.49999997,0.5,0.5,0.5,0.5,0.5,0.5,0.49999997,0.5,0.5,0.5,0.96147573,0.5,0.5,0.5,0.5,0.90557027,0.9722574,0.5,0.5,0.5,0.5,0.9848709,0.5,0.5,0.5,0.5,0.9795405,0.5,0.5,0.5,0.99846435,0.99400663,0.9361939,0.5
0.5,0.5,0.5,0.5,0.5,0.5,0.9117653,0.5,0.5,0.9637779,0.5,0.9956292,0.5,0.5,0.5,0.97470015,0.5,0.49999997,0.5,0.5,0.5,0.9866857,0.5,0.5,0.49999997,0.5,0.5,0.5,0.5,0.5,0.49999997,0.5,0.5,0.5,0.5,0.5,0.5,0.49999997,0.5,0.5,0.5,0.95089984,0.5,0.5,0.5,0.5,0.93943113,0.5,0.5,0.5,0.5,0.5,0.98680985,0.9905257,0.5,0.5,0.5,0.9664566,0.5,0.5,0.9826934,0.9982418,0.9935432,0.9610465,0.5
0.5,0.5,0.5,0.5,0.5,0.5,0.49999997,0.5,0.5,0.5,0.5,0.9977708,0.5,0.5,0.5,0.98535854,0.5,0.49999997,0.5,0.5,0.5,0.5,0.5,0.5,0.49999997,0.5,0.5,0.5,0.5,0.5,0.49999997,0.5,0.5,0.5,0.5,0.5,0.5,0.49999997,0.5,0.5,0.5,0.49999997,0.5,0.5,0.5,0.5,0.9237081,0.9952027,0.5,0.5,0.5,0.5,0.5,0.5,0.5,0.5,0.5,0.96464765,0.5,0.5,0.9734546,0.9864566,0.9982669,0.971724,0.5
0.5,0.5,0.5,0.5,0.5,0.9960013,0.49999997,0.5,0.5,0.9710157,0.5,0.9978213,0.5,0.5,0.5,0.49999997,0.5,0.49999997,0.5,0.5,0.5,0.99165064,0.5,0.5,0.49999997,0.5,0.5,0.5,0.5,0.5,0.49999997,0.5,0.5,0.5,0.5,0.5,0.5,0.49999997,0.5,0.5,0.5,0.94378775,0.5,0.5,0.5,0.5,0.9752711,0.5,0.5,0.5,0.5,0.5,0.9986723,0.5,0.5,0.5,0.5,0.97061545,0.5,0.5,0.5,0.5,0.990033,0.9453714,0.5
0.5,0.5,0.5,0.5,0.5,0.5,0.49999997,0.5,0.5,0.5,0.5,0.99697196,0.5,0.5,0.5,0.49999997,0.5,0.49999997,0.5,0.5,0.5,0.9892268,0.5,0.5,0.49999997,0.5,0.5,0.5,0.5,0.5,0.49999997,0.5,0.5,0.5,0.5,0.5,0.5,0.49999997,0.5,0.5,0.5,0.9722203,0.5,0.5,0.5,0.5,0.9516591,0.5,0.5,0.5,0.5,0.5,0.9978211,0.5,0.5,0.5,0.5,0.49999997,0.5,0.5,0.9712215,0.5,0.99183506,0.5,0.5
0.5,0.5,0.5,0.5,0.5,0.5,0.49999997,0.5,0.5,0.5,0.5,0.9975007,0.5,0.5,0.5,0.49999997,0.5,0.49999997,0.5,0.5,0.5,0.98723716,0.5,0.5,0.49999997,0.5,0.5,0.5,0.5,0.5,0.49999997,0.5,0.5,0.5,0.5,0.5,0.5,0.49999997,0.5,0.5,0.5,0.94900614,0.5,0.97103995,0.5,0.5,0.95005906,0.5,0.5,0.5,0.5,0.5,0.9933417,0.5,0.5,0.5,0.5,0.49999997,0.5,0.5,0.98155105,0.9913511,0.99836844,0.910224,0.5
0.5,0.5,0.5,0.5,0.5,0.5,0.9562924,0.5,0.5,0.5,0.5,0.99772316,0.5,0.5,0.5,0.49999997,0.5,0.49999997,0.5,0.5,0.5,0.98748165,0.5,0.5,0.49999997,0.5,0.5,0.5,0.5,0.5,0.49999997,0.5,0.5,0.5,0.5,0.5,0.5,0.49999997,0.5,0.5,0.5,0.976237,0.5,0.5,0.5,0.5,0.97507864,0.5,0.5,0.5,0.5,0.5,0.99873114,0.98982006,0.5,0.5,0.5,0.49999997,0.5,0.5,0.9494791,0.99173594,0.9960904,0.5,0.5
0.5,0.5,0.5,0.5,0.99053717,0.9966593,0.9257067,0.5,0.5,0.5,0.93310046,0.998109,0.5,0.5,0.5,0.49999997,0.5,0.49999997,0.5,0.5,0.5,0.9899917,0.5,0.5,0.49999997,0.5,0.5,0.5,0.5,0.5,0.49999997,0.5,0.5,0.5,0.5,0.5,0.5,0.49999997,0.5,0.5,0.5,0.976894,0.5,0.96606684,0.5,0.5,0.986274,0.5,0.5,0.5,0.5,0.5,0.9989383,0.5,0.5,0.5,0.5,0.97564304,0.5,0.5,0.9661719,0.9816017,0.99488306,0.5,0.5
0.5,0.5,0.5,0.5,0.97213036,0.99034286,0.49999997,0.5,0.5,0.5,0.92039937,0.9957639,0.5,0.5,0.5,0.49999997,0.5,0.49999997,0.5,0.5,0.5,0.5,0.5,0.5,0.49999997,0.5,0.5,0.5,0.5,0.5,0.49999997,0.5,0.5,0.5,0.5,0.5,0.5,0.49999997,0.5,0.5,0.5,0.97726536,0.5,0.955702,0.5,0.5,0.9518275,0.98978275,0.5,0.5,0.5,0.5,0.99888873,0.5,0.5,0.5,0.5,0.49999997,0.5,0.5,0.98074406,0.9932886,0.99737006,0.9618644,0.5
0.5,0.5,0.5,0.5,0.99227744,0.9979853,0.49999997,0.5,0.5,0.5,0.9386923,0.9971562,0.5,0.5,0.5,0.49999997,0.5,0.49999997,0.5,0.5,0.5,0.5,0.5,0.5,0.49999997,0.5,0.5,0.5,0.5,0.5,0.49999997,0.5,0.5,0.5,0.5,0.5,0.5,0.49999997,0.5,0.5,0.5,0.9799314,0.5,0.96948063,0.5,0.5,0.9719206,0.5,0.5,0.5,0.5,0.5,0.5,0.5,0.5,0.5,0.5,0.49999997,0.5,0.5,0.9859802,0.98877573,0.5,0.96144205,0.5
0.5,0.5,0.5,0.5,0.99731195,0.99567103,0.96437883,0.5,0.5,0.5,0.9648945,0.99805343,0.5,0.5,0.5,0.49999997,0.5,0.49999997,0.5,0.5,0.5,0.5,0.5,0.5,0.49999997,0.5,0.5,0.5,0.5,0.5,0.49999997,0.5,0.5,0.5,0.5,0.5,0.5,0.49999997,0.5,0.5,0.5,0.49999997,0.5,0.9864117,0.5,0.5,0.9780866,0.5,0.5,0.5,0.5,0.5,0.5,0.98876846,0.5,0.5,0.5,0.49999997,0.5,0.5,0.9931162,0.9836963,0.9990642,0.97098154,0.5
0.5,0.5,0.5,0.5,0.9791273,0.9949576,0.958568,0.5,0.5,0.5,0.93071985,0.9954971,0.5,0.5,0.5,0.49999997,0.5,0.49999997,0.5,0.5,0.5,0.9866146,0.5,0.5,0.49999997,0.5,0.5,0.5,0.5,0.5,0.49999997,0.5,0.5,0.5,0.5,0.5,0.5,0.49999997,0.5,0.5,0.5,0.9808756,0.5,0.97154963,0.5,0.5,0.9632852,0.9658605,0.5,0.5,0.5,0.5,0.5,0.9925687,0.5,0.5,0.8995884,0.9868852,0.5,0.5,0.98746645,0.99675536,0.9989593,0.9356432,0.5
0.5,0.5,0.5,0.5,0.9769931,0.5,0.49999997,0.5,0.5,0.5,0.94685197,0.99795157,0.5,0.5,0.5,0.49999997,0.5,0.49999997,0.5,0.5,0.5,0.5,0.5,0.5,0.49999997,0.5,0.5,0.5,0.5,0.5,0.49999997,0.98339295,0.5,0.5,0.5,0.5,0.5,0.49999997,0.5,0.5,0.5,0.98312205,0.5,0.5,0.5,0.5,0.97383887,0.5,0.5,0.5,0.5,0.5,0.99280626,0.99768895,0.5,0.5,0.5,0.49999997,0.5,0.5,0.990694,0.5,0.99910825,0.95528454,0.5
0.5,0.5,0.5,0.5,0.5,0.9948111,0.49999997,0.5,0.5,0.5,0.9354487,0.9968432,0.5,0.5,0.5,0.49999997,0.5,0.49999997,0.5,0.5,0.5,0.5,0.5,0.5,0.49999997,0.5,0.5,0.5,0.5,0.5,0.49999997,0.5,0.5,0.5,0.5,0.5,0.5,0.49999997,0.5,0.5,0.5,0.970243,0.5,0.98414004,0.5,0.5,0.96476054,0.5,0.5,0.5,0.5,0.5,0.5,0.99828756,0.5,0.5,0.5,0.49999997,0.5,0.5,0.98524016,0.9921669,0.9989308,0.9788747,0.5
0.5,0.5,0.5,0.5,0.99934113,0.5,0.49999997,0.5,0.5,0.99277556,0.9528109,0.99850607,0.5,0.5,0.5,0.49999997,0.5,0.49999997,0.5,0.5,0.5,0.99000096,0.5,0.5,0.49999997,0.5,0.5,0.5,0.5,0.5,0.49999997,0.5,0.5,0.5,0.5,0.5,0.5,0.49999997,0.5,0.5,0.5,0.96172565,0.5,0.5,0.5,0.5,0.9809918,0.98826385,0.5,0.5,0.5,0.5,0.5,0.99818754,0.5,0.5,0.5,0.49999997,0.5,0.5,0.9571262,0.5,0.9943444,0.9675747,0.5
0.5,0.5,0.5,0.5,0.9853067,0.5,0.49999997,0.5,0.5,0.5,0.9620854,0.9989223,0.5,0.5,0.5,0.49999997,0.5,0.49999997,0.5,0.5,0.5,0.9954758,0.5,0.5,0.49999997,0.5,0.5,0.5,0.5,0.5,0.49999997,0.5,0.5,0.5,0.5,0.5,0.5,0.49999997,0.5,0.5,0.5,0.49999997,0.5,0.5,0.5,0.5,0.98381984,0.5,0.5,0.5,0.5,0.5,0.5,0.5,0.5,0.5,0.5,0.49999997,0.5,0.5,0.99613756,0.5,0.9992228,0.98963314,0.5
0.5,0.5,0.5,0.5,0.9906509,0.5,0.49999997,0.5,0.5,0.5,0.9776095,0.9982957,0.5,0.5,0.5,0.49999997,0.5,0.49999997,0.5,0.5,0.5,0.5,0.5,0.5,0.49999997,0.5,0.5,0.5,0.5,0.5,0.49999997,0.5,0.5,0.5,0.5,0.5,0.5,0.49999997,0.5,0.5,0.5,0.49999997,0.5,0.5,0.5,0.5,0.97634214,0.5,0.5,0.5,0.5,0.5,0.5,0.5,0.5,0.5,0.5,0.49999997,0.5,0.5,0.9927995,0.5,0.99852526,0.5,0.5
0.5,0.5,0.5,0.5,0.9963413,0.5,0.49999997,0.5,0.5,0.5,0.9686438,0.99827635,0.5,0.5,0.5,0.49999997,0.5,0.49999997,0.5,0.5,0.5,0.9948369,0.5,0.5,0.49999997,0.5,0.5,0.5,0.5,0.5,0.49999997,0.5,0.5,0.5,0.5,0.5,0.5,0.49999997,0.5,0.5,0.5,0.9869209,0.5,0.5,0.5,0.5,0.9705573,0.5,0.5,0.5,0.5,0.5,0.5,0.5,0.5,0.5,0.5,0.49999997,0.5,0.5,0.98920244,0.5,0.9987086,0.5,0.5
0.5,0.5,0.5,0.5,0.9816974,0.9991337,0.49999997,0.5,0.5,0.5,0.9568321,0.9984753,0.5,0.5,0.5,0.49999997,0.5,0.49999997,0.5,0.5,0.5,0.5,0.5,0.5,0.49999997,0.5,0.5,0.5,0.5,0.5,0.49999997,0.5,0.5,0.5,0.5,0.5,0.5,0.49999997,0.5,0.5,0.5,0.49999997,0.5,0.98075247,0.5,0.5,0.992194,0.5,0.5,0.5,0.5,0.5,0.5,0.5,0.5,0.5,0.5,0.49999997,0.5,0.5,0.98883593,0.9918354,0.99744064,0.5,0.5
0.5,0.5,0.5,0.5,0.5,0.9992586,0.49999997,0.5,0.5,0.99183184,0.940764,0.9988149,0.5,0.5,0.5,0.49999997,0.5,0.49999997,0.5,0.5,0.5,0.992611,0.5,0.5,0.49999997,0.5,0.5,0.5,0.5,0.5,0.49999997,0.5,0.5,0.5,0.5,0.5,0.5,0.49999997,0.5,0.5,0.5,0.96067953,0.5,0.9882483,0.5,0.5,0.9723543,0.5,0.5,0.5,0.5,0.5,0.5,0.5,0.5,0.5,0.5,0.49999997,0.5,0.5,0.9935094,0.9804775,0.99714917,0.95418197,0.5
0.5,0.5,0.5,0.5,0.5,0.5,0.49999997,0.5,0.5,0.99397707,0.95676273,0.9987712,0.5,0.5,0.5,0.49999997,0.5,0.49999997,0.5,0.5,0.5,0.9972502,0.5,0.5,0.49999997,0.5,0.5,0.5,0.5,0.5,0.49999997,0.5,0.5,0.5,0.5,0.5,0.5,0.49999997,0.5,0.5,0.5,0.9873266,0.5,0.5,0.5,0.5,0.98751175,0.5,0.5,0.5,0.5,0.5,0.5,0.5,0.5,0.5,0.5,0.49999997,0.5,0.5,0.9971223,0.9843226,0.9988282,0.97125477,0.5
0.5,0.5,0.5,0.5,0.5,0.5,0.49999997,0.5,0.5,0.9962429,0.5,0.9990169,0.5,0.5,0.5,0.49999997,0.5,0.49999997,0.5,0.5,0.5,0.9963697,0.5,0.5,0.49999997,0.5,0.5,0.5,0.5,0.5,0.49999997,0.5,0.5,0.5,0.5,0.5,0.5,0.49999997,0.5,0.5,0.5,0.9852642,0.5,0.5,0.5,0.5,0.97812396,0.5,0.5,0.5,0.5,0.5,0.5,0.5,0.5,0.5,0.5,0.49999997,0.5,0.5,0.5,0.5,0.99886733,0.5,0.5
0.5,0.5,0.5,0.5,0.5,0.5,0.49999997,0.5,0.5,0.9960939,0.5,0.9991394,0.5,0.5,0.5,0.49999997,0.5,0.49999997,0.5,0.5,0.5,0.5,0.5,0.5,0.49999997,0.5,0.5,0.5,0.5,0.5,0.49999997,0.5,0.5,0.5,0.5,0.5,0.5,0.49999997,0.5,0.5,0.5,0.9832682,0.5,0.5,0.5,0.5,0.9878927,0.5,0.5,0.5,0.5,0.5,0.5,0.5,0.5,0.5,0.5,0.49999997,0.5,0.5,0.5,0.9960871,0.999305,0.5,0.5
0.5,0.5,0.5,0.5,0.5,0.5,0.49999997,0.5,0.5,0.995869,0.5,0.9988373,0.5,0.5,0.5,0.49999997,0.5,0.49999997,0.5,0.5,0.5,0.99804026,0.5,0.5,0.49999997,0.5,0.5,0.5,0.5,0.5,0.49999997,0.5,0.5,0.5,0.5,0.5,0.5,0.49999997,0.5,0.5,0.5,0.9866035,0.5,0.5,0.5,0.5,0.98873526,0.5,0.5,0.5,0.5,0.5,0.5,0.5,0.5,0.5,0.5,0.49999997,0.5,0.5,0.5,0.5,0.99936676,0.9670991,0.5
0.5,0.5,0.5,0.5,0.5,0.5,0.49999997,0.5,0.5,0.9946348,0.96036553,0.997972,0.5,0.5,0.5,0.49999997,0.5,0.49999997,0.5,0.5,0.5,0.99731815,0.5,0.5,0.49999997,0.5,0.5,0.5,0.5,0.5,0.49999997,0.5,0.5,0.5,0.5,0.5,0.5,0.49999997,0.5,0.5,0.5,0.9826618,0.5,0.5,0.5,0.5,0.9761514,0.99408245,0.5,0.5,0.5,0.5,0.5,0.5,0.5,0.5,0.5,0.49999997,0.5,0.5,0.5,0.5,0.998996,0.9869398,0.5
0.5,0.5,0.5,0.5,0.5,0.5,0.49999997,0.5,0.5,0.9946156,0.5,0.9983553,0.5,0.5,0.5,0.49999997,0.5,0.49999997,0.5,0.5,0.5,0.5,0.5,0.5,0.49999997,0.5,0.5,0.5,0.5,0.5,0.49999997,0.5,0.5,0.5,0.5,0.5,0.5,0.49999997,0.5,0.5,0.5,0.49999997,0.5,0.5,0.5,0.5,0.9816653,0.5,0.5,0.5,0.5,0.5,0.5,0.5,0.5,0.5,0.5,0.49999997,0.5,0.5,0.5,0.9913177,0.99879926,0.9655916,0.5
0.5,0.5,0.5,0.5,0.5,0.5,0.49999997,0.5,0.5,0.99492556,0.5,0.99835426,0.5,0.5,0.5,0.49999997,0.5,0.49999997,0.5,0.5,0.5,0.5,0.5,0.5,0.49999997,0.5,0.5,0.5,0.5,0.5,0.49999997,0.5,0.5,0.5,0.5,0.5,0.5,0.49999997,0.5,0.5,0.5,0.49999997,0.5,0.5,0.5,0.5,0.5,0.5,0.5,0.5,0.5,0.5,0.5,0.5,0.5,0.5,0.5,0.98188156,0.5,0.5,0.5,0.99423146,0.99868333,0.5,0.5
0.5,0.5,0.5,0.5,0.5,0.5,0.49999997,0.5,0.5,0.9965212,0.5,0.9994664,0.5,0.5,0.5,0.49999997,0.5,0.49999997,0.5,0.5,0.5,0.5,0.5,0.5,0.49999997,0.5,0.5,0.5,0.5,0.5,0.49999997,0.5,0.5,0.5,0.5,0.5,0.5,0.49999997,0.5,0.5,0.5,0.49999997,0.5,0.5,0.5,0.5,0.5,0.5,0.5,0.5,0.5,0.5,0.5,0.5,0.5,0.5,0.5,0.49999997,0.5,0.5,0.5,0.9908828,0.9990961,0.5,0.5
0.5,0.5,0.5,0.5,0.5,0.5,0.49999997,0.5,0.5,0.98923904,0.5,0.9992131,0.5,0.5,0.5,0.49999997,0.5,0.49999997,0.5,0.5,0.5,0.5,0.5,0.5,0.49999997,0.5,0.5,0.5,0.5,0.5,0.49999997,0.5,0.5,0.5,0.5,0.5,0.5,0.49999997,0.5,0.5,0.5,0.49999997,0.5,0.5,0.5,0.5,0.5,0.5,0.5,0.5,0.5,0.5,0.5,0.5,0.5,0.5,0.5,0.49999997,0.5,0.5,0.5,0.9974516,0.5,0.5,0.5
0.5,0.5,0.5,0.5,0.5,0.5,0.49999997,0.5,0.5,0.9901892,0.5,0.99939144,0.5,0.5,0.5,0.49999997,0.5,0.49999997,0.5,0.5,0.5,0.5,0.5,0.5,0.49999997,0.5,0.5,0.5,0.5,0.5,0.49999997,0.5,0.5,0.5,0.5,0.5,0.5,0.49999997,0.5,0.5,0.5,0.49999997,0.5,0.5,0.5,0.5,0.5,0.5,0.5,0.5,0.5,0.5,0.5,0.5,0.5,0.5,0.5,0.49999997,0.5,0.5,0.5,0.9961994,0.9991639,0.5,0.5
0.5,0.5,0.5,0.5,0.5,0.5,0.49999997,0.5,0.5,0.9932872,0.5,0.9990582,0.5,0.5,0.5,0.49999997,0.5,0.49999997,0.5,0.5,0.5,0.5,0.5,0.5,0.49999997,0.5,0.5,0.5,0.5,0.5,0.49999997,0.5,0.5,0.5,0.5,0.5,0.5,0.49999997,0.5,0.5,0.5,0.49999997,0.5,0.5,0.5,0.5,0.5,0.5,0.5,0.5,0.5,0.5,0.5,0.5,0.5,0.5,0.5,0.49999997,0.5,0.5,0.5,0.99859524,0.5,0.5,0.5
0.5,0.5,0.5,0.5,0.5,0.5,0.49999997,0.5,0.5,0.9975812,0.5,0.9996081,0.5,0.5,0.5,0.49999997,0.5,0.49999997,0.5,0.5,0.5,0.5,0.5,0.5,0.49999997,0.5,0.5,0.5,0.5,0.5,0.49999997,0.5,0.5,0.5,0.5,0.5,0.5,0.49999997,0.5,0.5,0.5,0.49999997,0.5,0.5,0.5,0.5,0.5,0.5,0.5,0.5,0.5,0.5,0.5,0.5,0.5,0.5,0.5,0.49999997,0.5,0.5,0.5,0.5,0.5,0.5,0.5
0.5,0.5,0.5,0.5,0.5,0.5,0.49999997,0.5,0.5,0.99782825,0.5,0.9995563,0.5,0.5,0.5,0.49999997,0.5,0.49999997,0.5,0.5,0.5,0.5,0.5,0.5,0.49999997,0.5,0.5,0.5,0.5,0.5,0.49999997,0.5,0.5,0.5,0.5,0.5,0.5,0.49999997,0.5,0.5,0.5,0.49999997,0.5,0.5,0.5,0.5,0.5,0.5,0.5,0.5,0.5,0.5,0.5,0.5,0.5,0.5,0.5,0.49999997,0.5,0.5,0.5,0.5,0.5,0.5,0.5
0.5,0.5,0.5,0.5,0.5,0.5,0.49999997,0.5,0.5,0.9947349,0.5,0.9991737,0.5,0.5,0.5,0.49999997,0.5,0.49999997,0.5,0.5,0.5,0.5,0.5,0.5,0.49999997,0.5,0.5,0.5,0.5,0.5,0.49999997,0.5,0.5,0.5,0.5,0.5,0.5,0.49999997,0.5,0.5,0.5,0.49999997,0.5,0.5,0.5,0.5,0.5,0.5,0.5,0.5,0.5,0.5,0.5,0.5,0.5,0.5,0.5,0.49999997,0.5,0.5,0.5,0.99885833,0.5,0.5,0.5
0.5,0.5,0.5,0.5,0.5,0.5,0.49999997,0.5,0.5,0.9946329,0.5,0.99941593,0.5,0.5,0.5,0.49999997,0.5,0.49999997,0.5,0.5,0.5,0.5,0.5,0.5,0.49999997,0.5,0.5,0.5,0.5,0.5,0.49999997,0.5,0.5,0.5,0.5,0.5,0.5,0.49999997,0.5,0.5,0.5,0.49999997,0.5,0.5,0.5,0.5,0.5,0.5,0.5,0.5,0.5,0.5,0.5,0.5,0.5,0.5,0.5,0.49999997,0.5,0.5,0.5,0.9987877,0.5,0.5,0.5
0.5,0.5,0.5,0.5,0.5,0.5,0.49999997,0.5,0.5,0.99628425,0.5,0.9994692,0.5,0.5,0.5,0.49999997,0.5,0.49999997,0.5,0.5,0.5,0.5,0.5,0.5,0.49999997,0.5,0.5,0.5,0.5,0.5,0.49999997,0.5,0.5,0.5,0.5,0.5,0.5,0.49999997,0.5,0.5,0.5,0.49999997,0.5,0.5,0.5,0.5,0.5,0.5,0.5,0.5,0.5,0.5,0.5,0.5,0.5,0.5,0.5,0.49999997,0.5,0.5,0.5,0.5,0.9992651,0.5,0.5
0.5,0.5,0.5,0.5,0.5,0.5,0.49999997,0.5,0.5,0.9942931,0.5,0.999484,0.5,0.5,0.5,0.49999997,0.5,0.49999997,0.5,0.5,0.5,0.5,0.5,0.5,0.49999997,0.5,0.5,0.5,0.5,0.5,0.49999997,0.5,0.5,0.5,0.5,0.5,0.5,0.49999997,0.5,0.5,0.5,0.49999997,0.5,0.5,0.5,0.5,0.5,0.5,0.5,0.5,0.5,0.5,0.5,0.5,0.5,0.5,0.5,0.49999997,0.5,0.5,0.5,0.9992983,0.99721867,0.5,0.5
0.5,0.5,0.5,0.5,0.5,0.5,0.49999997,0.5,0.5,0.99883705,0.5,0.99955845,0.5,0.5,0.5,0.49999997,0.5,0.49999997,0.5,0.5,0.5,0.5,0.5,0.5,0.49999997,0.5,0.5,0.5,0.5,0.5,0.49999997,0.5,0.5,0.5,0.5,0.5,0.5,0.49999997,0.5,0.5,0.5,0.49999997,0.5,0.5,0.5,0.5,0.5,0.5,0.5,0.5,0.5,0.5,0.5,0.5,0.5,0.5,0.5,0.49999997,0.5,0.5,0.5,0.994268,0.5,0.5,0.5
0.5,0.5,0.5,0.5,0.5,0.5,0.49999997,0.5,0.5,0.9962175,0.5,0.9996682,0.5,0.5,0.5,0.49999997,0.5,0.49999997,0.5,0.5,0.5,0.5,0.5,0.5,0.49999997,0.5,0.5,0.5,0.5,0.5,0.49999997,0.5,0.5,0.5,0.5,0.5,0.5,0.49999997,0.5,0.5,0.5,0.49999997,0.5,0.5,0.5,0.5,0.5,0.5,0.5,0.5,0.5,0.5,0.5,0.5,0.5,0.5,0.5,0.49999997,0.5,0.5,0.5,0.9992736,0.5,0.5,0.5
0.5,0.5,0.5,0.5,0.5,0.5,0.49999997,0.5,0.5,0.99773574,0.5,0.9998136,0.5,0.5,0.5,0.49999997,0.5,0.49999997,0.5,0.5,0.5,0.5,0.5,0.5,0.49999997,0.5,0.5,0.5,0.5,0.5,0.49999997,0.5,0.5,0.5,0.5,0.5,0.5,0.49999997,0.5,0.5,0.5,0.49999997,0.5,0.5,0.5,0.5,0.5,0.5,0.5,0.5,0.5,0.5,0.5,0.5,0.5,0.5,0.5,0.49999997,0.5,0.5,0.5,0.9995013,0.5,0.5,0.5
0.5,0.5,0.5,0.5,0.5,0.5,0.49999997,0.5,0.5,0.9986239,0.5,0.9997125,0.5,0.5,0.5,0.49999997,0.5,0.49999997,0.5,0.5,0.5,0.5,0.5,0.5,0.49999997,0.5,0.5,0.5,0.5,0.5,0.49999997,0.5,0.5,0.5,0.5,0.5,0.5,0.49999997,0.5,0.5,0.5,0.49999997,0.5,0.5,0.5,0.5,0.5,0.5,0.5,0.5,0.5,0.5,0.5,0.5,0.5,0.5,0.5,0.49999997,0.5,0.5,0.5,0.5,0.5,0.5,0.5
0.5,0.5,0.5,0.5,0.5,0.5,0.49999997,0.5,0.5,0.99933356,0.5,0.9998691,0.5,0.5,0.5,0.49999997,0.5,0.49999997,0.5,0.5,0.5,0.5,0.5,0.5,0.49999997,0.5,0.5,0.5,0.5,0.5,0.49999997,0.5,0.5,0.5,0.5,0.5,0.5,0.49999997,0.5,0.5,0.5,0.49999997,0.5,0.5,0.5,0.5,0.5,0.5,0.5,0.5,0.5,0.5,0.5,0.5,0.5,0.5,0.5,0.49999997,0.5,0.5,0.5,0.9962184,0.5,0.5,0.5
0.5,0.5,0.5,0.5,0.5,0.5,0.49999997,0.5,0.5,0.9992051,0.5,0.99974835,0.5,0.5,0.5,0.49999997,0.5,0.49999997,0.5,0.5,0.5,0.5,0.5,0.5,0.49999997,0.5,0.5,0.5,0.5,0.5,0.49999997,0.5,0.5,0.5,0.5,0.5,0.5,0.49999997,0.5,0.5,0.5,0.49999997,0.5,0.5,0.5,0.5,0.5,0.5,0.5,0.5,0.5,0.5,0.5,0.5,0.5,0.5,0.5,0.49999997,0.5,0.5,0.5,0.9966047,0.5,0.5,0.5
0.5,0.5,0.5,0.5,0.5,0.5,0.49999997,0.5,0.5,0.9995266,0.5,0.9998716,0.5,0.5,0.5,0.49999997,0.5,0.49999997,0.5,0.5,0.5,0.5,0.5,0.5,0.49999997,0.5,0.5,0.5,0.5,0.5,0.49999997,0.5,0.5,0.5,0.5,0.5,0.5,0.49999997,0.5,0.5,0.5,0.49999997,0.5,0.5,0.5,0.5,0.5,0.5,0.5,0.5,0.5,0.5,0.5,0.5,0.5,0.5,0.5,0.49999997,0.5,0.5,0.5,0.9974729,0.5,0.5,0.5
0.5,0.5,0.5,0.5,0.5,0.5,0.49999997,0.5,0.5,0.9991927,0.5,0.99975914,0.5,0.5,0.5,0.49999997,0.5,0.49999997,0.5,0.5,0.5,0.5,0.5,0.5,0.49999997,0.5,0.5,0.5,0.5,0.5,0.49999997,0.5,0.5,0.5,0.5,0.5,0.5,0.49999997,0.5,0.5,0.5,0.49999997,0.5,0.5,0.5,0.5,0.5,0.5,0.5,0.5,0.5,0.5,0.5,0.5,0.5,0.5,0.5,0.49999997,0.5,0.5,0.5,0.99669576,0.5,0.5,0.5
0.5,0.5,0.5,0.5,0.5,0.5,0.49999997,0.5,0.5,0.9991126,0.5,0.99975127,0.5,0.5,0.5,0.49999997,0.5,0.49999997,0.5,0.5,0.5,0.5,0.5,0.5,0.49999997,0.5,0.5,0.5,0.5,0.5,0.49999997,0.5,0.5,0.5,0.5,0.5,0.5,0.49999997,0.5,0.5,0.5,0.49999997,0.5,0.5,0.5,0.5,0.5,0.5,0.5,0.5,0.5,0.5,0.5,0.5,0.5,0.5,0.5,0.49999997,0.5,0.5,0.5,0.5,0.5,0.5,0.5
0.5,0.5,0.5,0.5,0.5,0.5,0.49999997,0.5,0.5,0.9996693,0.5,0.9997842,0.5,0.5,0.5,0.49999997,0.5,0.49999997,0.5,0.5,0.5,0.5,0.5,0.5,0.49999997,0.5,0.5,0.5,0.5,0.5,0.49999997,0.5,0.5,0.5,0.5,0.5,0.5,0.49999997,0.5,0.5,0.5,0.49999997,0.5,0.5,0.5,0.5,0.5,0.5,0.5,0.5,0.5,0.5,0.5,0.5,0.5,0.5,0.5,0.49999997,0.5,0.5,0.5,0.99808776,0.5,0.5,0.5
0.5,0.5,0.5,0.5,0.5,0.5,0.49999997,0.5,0.5,0.99943304,0.5,0.9997509,0.5,0.5,0.5,0.49999997,0.5,0.49999997,0.5,0.5,0.5,0.5,0.5,0.5,0.49999997,0.5,0.5,0.5,0.5,0.5,0.49999997,0.5,0.5,0.5,0.5,0.5,0.5,0.49999997,0.5,0.5,0.5,0.49999997,0.5,0.5,0.5,0.5,0.5,0.5,0.5,0.5,0.5,0.5,0.5,0.5,0.5,0.5,0.5,0.49999997,0.5,0.5,0.5,0.99738276,0.5,0.5,0.5
0.5,0.5,0.5,0.5,0.5,0.5,0.49999997,0.5,0.5,0.9980111,0.5,0.9998493,0.5,0.5,0.5,0.49999997,0.5,0.49999997,0.5,0.5,0.5,0.5,0.5,0.5,0.49999997,0.5,0.5,0.5,0.5,0.5,0.49999997,0.5,0.5,0.5,0.5,0.5,0.5,0.49999997,0.5,0.5,0.5,0.49999997,0.5,0.5,0.5,0.5,0.5,0.5,0.5,0.5,0.5,0.5,0.5,0.5,0.5,0.5,0.5,0.49999997,0.5,0.5,0.5,0.9995082,0.5,0.5,0.5
0.5,0.5,0.5,0.5,0.5,0.5,0.49999997,0.5,0.5,0.99898154,0.5,0.9998502,0.5,0.5,0.5,0.49999997,0.5,0.49999997,0.5,0.5,0.5,0.5,0.5,0.5,0.49999997,0.5,0.5,0.5,0.5,0.5,0.49999997,0.5,0.5,0.5,0.5,0.5,0.5,0.49999997,0.5,0.5,0.5,0.49999997,0.5,0.5,0.5,0.5,0.5,0.5,0.5,0.5,0.5,0.5,0.5,0.5,0.5,0.5,0.5,0.49999997,0.5,0.5,0.5,0.9982578,0.5,0.5,0.5
0.5,0.5,0.5,0.5,0.5,0.5,0.49999997,0.5,0.5,0.997769,0.5,0.99974084,0.5,0.5,0.5,0.49999997,0.5,0.49999997,0.5,0.5,0.5,0.5,0.5,0.5,0.49999997,0.5,0.5,0.5,0.5,0.5,0.49999997,0.5,0.5,0.5,0.5,0.5,0.5,0.49999997,0.5,0.5,0.5,0.49999997,0.5,0.5,0.5,0.5,0.5,0.5,0.5,0.5,0.5,0.5,0.5,0.5,0.5,0.5,0.5,0.49999997,0.5,0.5,0.5,0.99948376,0.5,0.5,0.5
0.5,0.5,0.5,0.5,0.5,0.5,0.49999997,0.5,0.5,0.9978717,0.5,0.99982744,0.5,0.5,0.5,0.49999997,0.5,0.49999997,0.5,0.5,0.5,0.5,0.5,0.5,0.49999997,0.5,0.5,0.5,0.5,0.5,0.49999997,0.5,0.5,0.5,0.5,0.5,0.5,0.49999997,0.5,0.5,0.5,0.49999997,0.5,0.5,0.5,0.5,0.5,0.5,0.5,0.5,0.5,0.5,0.5,0.5,0.5,0.5,0.5,0.49999997,0.5,0.5,0.5,0.9994784,0.5,0.5,0.5
0.5,0.5,0.5,0.5,0.5,0.5,0.49999997,0.5,0.5,0.5,0.5,0.9998897,0.5,0.5,0.5,0.49999997,0.5,0.49999997,0.5,0.5,0.5,0.5,0.5,0.5,0.49999997,0.5,0.5,0.5,0.5,0.5,0.49999997,0.5,0.5,0.5,0.5,0.5,0.5,0.49999997,0.5,0.5,0.5,0.49999997,0.5,0.5,0.5,0.5,0.5,0.5,0.5,0.5,0.5,0.5,0.5,0.5,0.5,0.5,0.5,0.49999997,0.5,0.5,0.5,0.99931127,0.5,0.5,0.5
0.5,0.5,0.5,0.5,0.5,0.5,0.49999997,0.5,0.5,0.5,0.5,0.9997366,0.5,0.5,0.5,0.49999997,0.5,0.49999997,0.5,0.5,0.5,0.5,0.5,0.5,0.49999997,0.5,0.5,0.5,0.5,0.5,0.49999997,0.5,0.5,0.5,0.5,0.5,0.5,0.49999997,0.5,0.5,0.5,0.49999997,0.5,0.5,0.5,0.5,0.5,0.5,0.5,0.5,0.5,0.5,0.5,0.5,0.5,0.5,0.5,0.49999997,0.5,0.5,0.5,0.9989913,0.5,0.5,0.5
0.5,0.5,0.5,0.5,0.5,0.5,0.49999997,0.5,0.5,0.99946773,0.5,0.99984246,0.5,0.5,0.5,0.49999997,0.5,0.49999997,0.5,0.5,0.5,0.5,0.5,0.5,0.49999997,0.5,0.5,0.5,0.5,0.5,0.49999997,0.5,0.5,0.5,0.5,0.5,0.5,0.49999997,0.5,0.5,0.5,0.49999997,0.5,0.5,0.5,0.5,0.5,0.5,0.5,0.5,0.5,0.5,0.5,0.5,0.5,0.5,0.5,0.49999997,0.5,0.5,0.5,0.9988687,0.5,0.5,0.5
0.5,0.5,0.5,0.5,0.5,0.5,0.49999997,0.5,0.5,0.99911803,0.5,0.99987274,0.5,0.5,0.5,0.49999997,0.5,0.49999997,0.5,0.5,0.5,0.5,0.5,0.5,0.49999997,0.5,0.5,0.5,0.5,0.5,0.49999997,0.5,0.5,0.5,0.5,0.5,0.5,0.49999997,0.5,0.5,0.5,0.49999997,0.5,0.5,0.5,0.5,0.5,0.5,0.5,0.5,0.5,0.5,0.5,0.5,0.5,0.5,0.5,0.49999997,0.5,0.5,0.5,0.99978304,0.5,0.5,0.5
0.5,0.5,0.5,0.5,0.5,0.5,0.49999997,0.5,0.5,0.9996581,0.5,0.9999108,0.5,0.5,0.5,0.49999997,0.5,0.49999997,0.5,0.5,0.5,0.5,0.5,0.5,0.49999997,0.5,0.5,0.5,0.5,0.5,0.49999997,0.5,0.5,0.5,0.5,0.5,0.5,0.49999997,0.5,0.5,0.5,0.49999997,0.5,0.5,0.5,0.5,0.5,0.5,0.5,0.5,0.5,0.5,0.5,0.5,0.5,0.5,0.5,0.49999997,0.5,0.5,0.5,0.9986048,0.5,0.5,0.5
0.5,0.5,0.5,0.5,0.5,0.5,0.49999997,0.5,0.5,0.5,0.5,0.9998812,0.5,0.5,0.5,0.49999997,0.5,0.49999997,0.5,0.5,0.5,0.5,0.5,0.5,0.49999997,0.5,0.5,0.5,0.5,0.5,0.49999997,0.5,0.5,0.5,0.5,0.5,0.5,0.49999997,0.5,0.5,0.5,0.49999997,0.5,0.5,0.5,0.5,0.5,0.5,0.5,0.5,0.5,0.5,0.5,0.5,0.5,0.5,0.5,0.49999997,0.5,0.5,0.5,0.9992533,0.5,0.5,0.5
0.5,0.5,0.5,0.5,0.5,0.5,0.49999997,0.5,0.5,0.5,0.5,0.9998836,0.5,0.5,0.5,0.49999997,0.5,0.49999997,0.5,0.5,0.5,0.5,0.5,0.5,0.49999997,0.5,0.5,0.5,0.5,0.5,0.49999997,0.5,0.5,0.5,0.5,0.5,0.5,0.49999997,0.5,0.5,0.5,0.49999997,0.5,0.5,0.5,0.5,0.5,0.5,0.5,0.5,0.5,0.5,0.5,0.5,0.5,0.5,0.5,0.49999997,0.5,0.5,0.5,0.999499,0.5,0.5,0.5
0.5,0.5,0.5,0.5,0.5,0.5,0.49999997,0.5,0.5,0.99977577,0.5,0.9999156,0.5,0.5,0.5,0.49999997,0.5,0.49999997,0.5,0.5,0.5,0.5,0.5,0.5,0.49999997,0.5,0.5,0.5,0.5,0.5,0.49999997,0.5,0.5,0.5,0.5,0.5,0.5,0.49999997,0.5,0.5,0.5,0.49999997,0.5,0.5,0.5,0.5,0.5,0.5,0.5,0.5,0.5,0.5,0.5,0.5,0.5,0.5,0.5,0.49999997,0.5,0.5,0.5,0.9991009,0.5,0.5,0.5
0.5,0.5,0.5,0.5,0.5,0.5,0.49999997,0.5,0.5,0.99962664,0.5,0.99990237,0.5,0.5,0.5,0.49999997,0.5,0.49999997,0.5,0.5,0.5,0.5,0.5,0.5,0.49999997,0.5,0.5,0.5,0.5,0.5,0.49999997,0.5,0.5,0.5,0.5,0.5,0.5,0.49999997,0.5,0.5,0.5,0.49999997,0.5,0.5,0.5,0.5,0.5,0.5,0.5,0.5,0.5,0.5,0.5,0.5,0.5,0.5,0.5,0.49999997,0.5,0.5,0.5,0.5,0.5,0.5,0.5
0.5,0.5,0.5,0.5,0.5,0.5,0.49999997,0.5,0.5,0.5,0.5,0.9999145,0.5,0.5,0.5,0.49999997,0.5,0.49999997,0.5,0.5,0.5,0.5,0.5,0.5,0.49999997,0.5,0.5,0.5,0.5,0.5,0.49999997,0.5,0.5,0.5,0.5,0.5,0.5,0.49999997,0.5,0.5,0.5,0.49999997,0.5,0.5,0.5,0.5,0.5,0.5,0.5,0.5,0.5,0.5,0.5,0.5,0.5,0.5,0.5,0.49999997,0.5,0.5,0.5,0.5,0.5,0.5,0.5
0.5,0.5,0.5,0.5,0.5,0.5,0.49999997,0.5,0.5,0.5,0.5,0.9998283,0.5,0.5,0.5,0.49999997,0.5,0.49999997,0.5,0.5,0.5,0.5,0.5,0.5,0.49999997,0.5,0.5,0.5,0.5,0.5,0.49999997,0.5,0.5,0.5,0.5,0.5,0.5,0.49999997,0.5,0.5,0.5,0.49999997,0.5,0.5,0.5,0.5,0.5,0.5,0.5,0.5,0.5,0.5,0.5,0.5,0.5,0.5,0.5,0.49999997,0.5,0.5,0.5,0.99951255,0.5,0.5,0.5
0.5,0.5,0.5,0.5,0.5,0.5,0.49999997,0.5,0.5,0.5,0.5,0.999929,0.5,0.5,0.5,0.49999997,0.5,0.49999997,0.5,0.5,0.5,0.5,0.5,0.5,0.49999997,0.5,0.5,0.5,0.5,0.5,0.49999997,0.5,0.5,0.5,0.5,0.5,0.5,0.49999997,0.5,0.5,0.5,0.49999997,0.5,0.5,0.5,0.5,0.5,0.5,0.5,0.5,0.5,0.5,0.5,0.5,0.5,0.5,0.5,0.49999997,0.5,0.5,0.5,0.99971354,0.5,0.5,0.5
0.5,0.5,0.5,0.5,0.5,0.5,0.49999997,0.5,0.5,0.5,0.5,0.9999493,0.5,0.5,0.5,0.49999997,0.5,0.49999997,0.5,0.5,0.5,0.5,0.5,0.5,0.49999997,0.5,0.5,0.5,0.5,0.5,0.49999997,0.5,0.5,0.5,0.5,0.5,0.5,0.49999997,0.5,0.5,0.5,0.49999997,0.5,0.5,0.5,0.5,0.5,0.5,0.5,0.5,0.5,0.5,0.5,0.5,0.5,0.5,0.5,0.49999997,0.5,0.5,0.5,0.9997158,0.5,0.5,0.5
0.5,0.5,0.5,0.5,0.5,0.5,0.49999997,0.5,0.5,0.99894696,0.5,0.9998859,0.5,0.5,0.5,0.49999997,0.5,0.49999997,0.5,0.5,0.5,0.5,0.5,0.5,0.49999997,0.5,0.5,0.5,0.5,0.5,0.49999997,0.5,0.5,0.5,0.5,0.5,0.5,0.49999997,0.5,0.5,0.5,0.49999997,0.5,0.5,0.5,0.5,0.5,0.5,0.5,0.5,0.5,0.5,0.9997432,0.5,0.5,0.5,0.5,0.49999997,0.5,0.5,0.5,0.5,0.5,0.5,0.5
0.5,0.5,0.5,0.5,0.5,0.5,0.49999997,0.5,0.5,0.5,0.5,0.9999528,0.5,0.5,0.5,0.49999997,0.5,0.49999997,0.5,0.5,0.5,0.5,0.5,0.5,0.49999997,0.5,0.5,0.5,0.5,0.5,0.49999997,0.5,0.5,0.5,0.5,0.5,0.5,0.49999997,0.5,0.5,0.5,0.49999997,0.5,0.5,0.5,0.5,0.5,0.5,0.5,0.5,0.5,0.5,0.5,0.5,0.5,0.5,0.5,0.49999997,0.5,0.5,0.5,0.5,0.5,0.5,0.5
0.5,0.5,0.5,0.5,0.5,0.5,0.49999997,0.5,0.5,0.5,0.5,0.9998829,0.5,0.5,0.5,0.49999997,0.5,0.49999997,0.5,0.5,0.5,0.5,0.5,0.5,0.49999997,0.5,0.5,0.5,0.5,0.5,0.49999997,0.5,0.5,0.5,0.5,0.5,0.5,0.49999997,0.5,0.5,0.5,0.49999997,0.5,0.5,0.5,0.5,0.5,0.5,0.5,0.5,0.5,0.5,0.5,0.5,0.5,0.5,0.5,0.49999997,0.5,0.5,0.5,0.9996736,0.5,0.5,0.5
0.5,0.5,0.5,0.5,0.5,0.5,0.49999997,0.5,0.5,0.5,0.5,0.99992526,0.5,0.5,0.5,0.49999997,0.5,0.49999997,0.5,0.5,0.5,0.5,0.5,0.5,0.49999997,0.5,0.5,0.5,0.5,0.5,0.49999997,0.5,0.5,0.5,0.5,0.5,0.5,0.49999997,0.5,0.5,0.5,0.49999997,0.5,0.5,0.5,0.5,0.5,0.5,0.5,0.5,0.5,0.5,0.5,0.5,0.5,0.5,0.5,0.49999997,0.5,0.5,0.5,0.99966425,0.5,0.5,0.5
0.5,0.5,0.5,0.5,0.5,0.5,0.49999997,0.5,0.5,0.5,0.5,0.9999223,0.5,0.5,0.5,0.49999997,0.5,0.49999997,0.5,0.5,0.5,0.5,0.5,0.5,0.49999997,0.5,0.5,0.5,0.5,0.5,0.49999997,0.5,0.5,0.5,0.5,0.5,0.5,0.49999997,0.5,0.5,0.5,0.49999997,0.5,0.5,0.5,0.5,0.5,0.5,0.5,0.5,0.5,0.5,0.5,0.5,0.5,0.5,0.5,0.49999997,0.5,0.5,0.5,0.99948484,0.5,0.5,0.5
0.5,0.5,0.5,0.5,0.5,0.5,0.49999997,0.5,0.5,0.5,0.5,0.99995303,0.5,0.5,0.5,0.49999997,0.5,0.49999997,0.5,0.5,0.5,0.5,0.5,0.5,0.49999997,0.5,0.5,0.5,0.5,0.5,0.49999997,0.5,0.5,0.5,0.5,0.5,0.5,0.49999997,0.5,0.5,0.5,0.49999997,0.5,0.5,0.5,0.5,0.5,0.5,0.5,0.5,0.5,0.5,0.5,0.5,0.5,0.5,0.5,0.49999997,0.5,0.5,0.5,0.9996496,0.5,0.5,0.5
0.5,0.5,0.5,0.5,0.5,0.5,0.49999997,0.5,0.5,0.5,0.5,0.9999465,0.5,0.5,0.5,0.49999997,0.5,0.49999997,0.5,0.5,0.5,0.5,0.5,0.5,0.49999997,0.5,0.5,0.5,0.5,0.5,0.49999997,0.5,0.5,0.5,0.5,0.5,0.5,0.49999997,0.5,0.5,0.5,0.49999997,0.5,0.5,0.5,0.5,0.5,0.5,0.5,0.5,0.5,0.5,0.5,0.5,0.5,0.5,0.5,0.49999997,0.5,0.5,0.5,0.99955577,0.5,0.5,0.5
0.5,0.5,0.5,0.5,0.5,0.5,0.49999997,0.5,0.5,0.5,0.5,0.99997324,0.5,0.5,0.5,0.49999997,0.5,0.49999997,0.5,0.5,0.5,0.5,0.5,0.5,0.49999997,0.5,0.5,0.5,0.5,0.5,0.49999997,0.5,0.5,0.5,0.5,0.5,0.5,0.49999997,0.5,0.5,0.5,0.49999997,0.5,0.5,0.5,0.5,0.5,0.5,0.5,0.5,0.5,0.5,0.5,0.5,0.5,0.5,0.5,0.49999997,0.5,0.5,0.5,0.99968314,0.5,0.5,0.5
0.5,0.5,0.5,0.5,0.5,0.5,0.49999997,0.5,0.5,0.5,0.5,0.99994427,0.5,0.5,0.5,0.49999997,0.5,0.49999997,0.5,0.5,0.5,0.5,0.5,0.5,0.49999997,0.5,0.5,0.5,0.5,0.5,0.49999997,0.5,0.5,0.5,0.5,0.5,0.5,0.49999997,0.5,0.5,0.5,0.49999997,0.5,0.5,0.5,0.5,0.5,0.5,0.5,0.5,0.5,0.5,0.5,0.5,0.5,0.5,0.5,0.49999997,0.5,0.5,0.5,0.99966526,0.5,0.5,0.5
0.5,0.5,0.5,0.5,0.5,0.5,0.49999997,0.5,0.5,0.5,0.5,0.9999736,0.5,0.5,0.5,0.49999997,0.5,0.49999997,0.5,0.5,0.5,0.5,0.5,0.5,0.49999997,0.5,0.5,0.5,0.5,0.5,0.49999997,0.5,0.5,0.5,0.5,0.5,0.5,0.49999997,0.5,0.5,0.5,0.49999997,0.5,0.5,0.5,0.5,0.5,0.5,0.5,0.5,0.5,0.5,0.5,0.5,0.5,0.5,0.5,0.49999997,0.5,0.5,0.5,0.99976784,0.5,0.5,0.5
0.5,0.5,0.5,0.5,0.5,0.5,0.49999997,0.5,0.5,0.5,0.5,0.9999542,0.5,0.5,0.5,0.49999997,0.5,0.49999997,0.5,0.5,0.5,0.5,0.5,0.5,0.49999997,0.5,0.5,0.5,0.5,0.5,0.49999997,0.5,0.5,0.5,0.5,0.5,0.5,0.49999997,0.5,0.5,0.5,0.49999997,0.5,0.5,0.5,0.5,0.5,0.5,0.5,0.5,0.5,0.5,0.5,0.5,0.5,0.5,0.5,0.49999997,0.5,0.5,0.5,0.9996807,0.5,0.5,0.5
0.5,0.5,0.5,0.5,0.5,0.5,0.49999997,0.5,0.5,0.5,0.5,0.99994826,0.5,0.5,0.5,0.49999997,0.5,0.49999997,0.5,0.5,0.5,0.5,0.5,0.5,0.49999997,0.5,0.5,0.5,0.5,0.5,0.49999997,0.5,0.5,0.5,0.5,0.5,0.5,0.49999997,0.5,0.5,0.5,0.49999997,0.5,0.5,0.5,0.5,0.5,0.5,0.5,0.5,0.5,0.5,0.5,0.5,0.5,0.5,0.5,0.49999997,0.5,0.5,0.5,0.99968815,0.5,0.5,0.5
0.5,0.5,0.5,0.5,0.5,0.5,0.49999997,0.5,0.5,0.5,0.5,0.99997956,0.5,0.5,0.5,0.49999997,0.5,0.49999997,0.5,0.5,0.5,0.5,0.5,0.5,0.49999997,0.5,0.5,0.5,0.5,0.5,0.49999997,0.5,0.5,0.5,0.5,0.5,0.5,0.49999997,0.5,0.5,0.5,0.49999997,0.5,0.5,0.5,0.5,0.5,0.5,0.5,0.5,0.5,0.5,0.5,0.5,0.5,0.5,0.5,0.49999997,0.5,0.5,0.5,0.9997938,0.5,0.5,0.5
0.5,0.5,0.5,0.5,0.5,0.5,0.49999997,0.5,0.5,0.5,0.5,0.9999495,0.5,0.5,0.5,0.49999997,0.5,0.49999997,0.5,0.5,0.5,0.5,0.5,0.5,0.49999997,0.5,0.5,0.5,0.5,0.5,0.49999997,0.5,0.5,0.5,0.5,0.5,0.5,0.49999997,0.5,0.5,0.5,0.49999997,0.5,0.5,0.5,0.5,0.5,0.5,0.5,0.5,0.5,0.5,0.5,0.5,0.5,0.5,0.5,0.49999997,0.5,0.5,0.5,0.9997466,0.5,0.5,0.5
0.5,0.5,0.5,0.5,0.5,0.5,0.49999997,0.5,0.5,0.5,0.5,0.9999724,0.5,0.5,0.5,0.49999997,0.5,0.49999997,0.5,0.5,0.5,0.5,0.5,0.5,0.49999997,0.5,0.5,0.5,0.5,0.5,0.49999997,0.5,0.5,0.5,0.5,0.5,0.5,0.49999997,0.5,0.5,0.5,0.49999997,0.5,0.5,0.5,0.5,0.5,0.5,0.5,0.5,0.5,0.5,0.5,0.5,0.5,0.5,0.5,0.49999997,0.5,0.5,0.5,0.99982655,0.5,0.5,0.5
0.5,0.5,0.5,0.5,0.5,0.5,0.49999997,0.5,0.5,0.5,0.5,0.9999758,0.5,0.5,0.5,0.49999997,0.5,0.49999997,0.5,0.5,0.5,0.5,0.5,0.5,0.49999997,0.5,0.5,0.5,0.5,0.5,0.49999997,0.5,0.5,0.5,0.5,0.5,0.5,0.49999997,0.5,0.5,0.5,0.49999997,0.5,0.5,0.5,0.5,0.5,0.5,0.5,0.5,0.5,0.5,0.5,0.5,0.5,0.5,0.5,0.49999997,0.5,0.5,0.5,0.9997339,0.5,0.5,0.5
0.5,0.5,0.5,0.5,0.5,0.5,0.49999997,0.5,0.5,0.5,0.5,0.99996394,0.5,0.5,0.5,0.49999997,0.5,0.49999997,0.5,0.5,0.5,0.5,0.5,0.5,0.49999997,0.5,0.5,0.5,0.5,0.5,0.49999997,0.5,0.5,0.5,0.5,0.5,0.5,0.49999997,0.5,0.5,0.5,0.49999997,0.5,0.5,0.5,0.5,0.5,0.5,0.5,0.5,0.5,0.5,0.5,0.5,0.5,0.5,0.5,0.49999997,0.5,0.5,0.5,0.9998289,0.5,0.5,0.5
0.5,0.5,0.5,0.5,0.5,0.5,0.49999997,0.5,0.5,0.5,0.5,0.9999845,0.5,0.5,0.5,0.49999997,0.5,0.49999997,0.5,0.5,0.5,0.5,0.5,0.5,0.49999997,0.5,0.5,0.5,0.5,0.5,0.49999997,0.5,0.5,0.5,0.5,0.5,0.5,0.49999997,0.5,0.5,0.5,0.49999997,0.5,0.5,0.5,0.5,0.5,0.5,0.5,0.5,0.5,0.5,0.5,0.5,0.5,0.5,0.5,0.49999997,0.5,0.5,0.5,0.9998488,0.5,0.5,0.5
0.5,0.5,0.5,0.5,0.5,0.5,0.49999997,0.5,0.5,0.5,0.5,0.9999512,0.5,0.5,0.5,0.49999997,0.5,0.49999997,0.5,0.5,0.5,0.5,0.5,0.5,0.49999997,0.5,0.5,0.5,0.5,0.5,0.49999997,0.5,0.5,0.5,0.5,0.5,0.5,0.49999997,0.5,0.5,0.5,0.49999997,0.5,0.5,0.5,0.5,0.5,0.5,0.5,0.5,0.5,0.5,0.5,0.5,0.5,0.5,0.5,0.49999997,0.5,0.5,0.5,0.99980557,0.5,0.5,0.5
0.5,0.5,0.5,0.5,0.5,0.5,0.49999997,0.5,0.5,0.5,0.5,0.99997747,0.5,0.5,0.5,0.49999997,0.5,0.49999997,0.5,0.5,0.5,0.5,0.5,0.5,0.49999997,0.5,0.5,0.5,0.5,0.5,0.49999997,0.5,0.5,0.5,0.5,0.5,0.5,0.49999997,0.5,0.5,0.5,0.49999997,0.5,0.5,0.5,0.5,0.5,0.5,0.5,0.5,0.5,0.5,0.5,0.5,0.5,0.5,0.5,0.49999997,0.5,0.5,0.5,0.99982965,0.5,0.5,0.5
0.5,0.5,0.5,0.5,0.5,0.5,0.49999997,0.5,0.5,0.5,0.5,0.9999638,0.5,0.5,0.5,0.49999997,0.5,0.49999997,0.5,0.5,0.5,0.5,0.5,0.5,0.49999997,0.5,0.5,0.5,0.5,0.5,0.49999997,0.5,0.5,0.5,0.5,0.5,0.5,0.49999997,0.5,0.5,0.5,0.49999997,0.5,0.5,0.5,0.5,0.5,0.5,0.5,0.5,0.5,0.5,0.5,0.5,0.5,0.5,0.5,0.49999997,0.5,0.5,0.5,0.99982584,0.5,0.5,0.5
0.5,0.5,0.5,0.5,0.5,0.5,0.49999997,0.5,0.5,0.5,0.5,0.99999005,0.5,0.5,0.5,0.49999997,0.5,0.49999997,0.5,0.5,0.5,0.5,0.5,0.5,0.49999997,0.5,0.5,0.5,0.5,0.5,0.49999997,0.5,0.5,0.5,0.5,0.5,0.5,0.49999997,0.5,0.5,0.5,0.49999997,0.5,0.5,0.5,0.5,0.5,0.5,0.5,0.5,0.5,0.5,0.5,0.5,0.5,0.5,0.5,0.49999997,0.5,0.5,0.5,0.9999034,0.5,0.5,0.5
0.5,0.5,0.5,0.5,0.5,0.5,0.49999997,0.5,0.5,0.5,0.5,0.99996585,0.5,0.5,0.5,0.49999997,0.5,0.49999997,0.5,0.5,0.5,0.5,0.5,0.5,0.49999997,0.5,0.5,0.5,0.5,0.5,0.49999997,0.5,0.5,0.5,0.5,0.5,0.5,0.49999997,0.5,0.5,0.5,0.49999997,0.5,0.5,0.5,0.5,0.5,0.5,0.5,0.5,0.5,0.5,0.5,0.5,0.5,0.5,0.5,0.49999997,0.5,0.5,0.5,0.9998486,0.5,0.5,0.5
0.5,0.5,0.5,0.5,0.5,0.5,0.49999997,0.5,0.5,0.5,0.5,0.9999857,0.5,0.5,0.5,0.49999997,0.5,0.49999997,0.5,0.5,0.5,0.5,0.5,0.5,0.49999997,0.5,0.5,0.5,0.5,0.5,0.49999997,0.5,0.5,0.5,0.5,0.5,0.5,0.49999997,0.5,0.5,0.5,0.49999997,0.5,0.5,0.5,0.5,0.5,0.5,0.5,0.5,0.5,0.5,0.5,0.5,0.5,0.5,0.5,0.49999997,0.5,0.5,0.5,0.99988633,0.5,0.5,0.5
0.5,0.5,0.5,0.5,0.5,0.5,0.49999997,0.5,0.5,0.5,0.5,0.99998355,0.5,0.5,0.5,0.49999997,0.5,0.49999997,0.5,0.5,0.5,0.5,0.5,0.5,0.49999997,0.5,0.5,0.5,0.5,0.5,0.49999997,0.5,0.5,0.5,0.5,0.5,0.5,0.49999997,0.5,0.5,0.5,0.49999997,0.5,0.5,0.5,0.5,0.5,0.5,0.5,0.5,0.5,0.5,0.5,0.5,0.5,0.5,0.5,0.49999997,0.5,0.5,0.5,0.9999003,0.5,0.5,0.5
0.5,0.5,0.5,0.5,0.5,0.5,0.49999997,0.5,0.5,0.5,0.5,0.9999757,0.5,0.5,0.5,0.49999997,0.5,0.49999997,0.5,0.5,0.5,0.5,0.5,0.5,0.49999997,0.5,0.5,0.5,0.5,0.5,0.49999997,0.5,0.5,0.5,0.5,0.5,0.5,0.49999997,0.5,0.5,0.5,0.49999997,0.5,0.5,0.5,0.5,0.5,0.5,0.5,0.5,0.5,0.5,0.5,0.5,0.5,0.5,0.5,0.49999997,0.5,0.5,0.5,0.99983907,0.5,0.5,0.5
0.5,0.5,0.5,0.5,0.5,0.5,0.49999997,0.5,0.5,0.5,0.5,0.9999845,0.5,0.5,0.5,0.49999997,0.5,0.49999997,0.5,0.5,0.5,0.5,0.5,0.5,0.49999997,0.5,0.5,0.5,0.5,0.5,0.49999997,0.5,0.5,0.5,0.5,0.5,0.5,0.49999997,0.5,0.5,0.5,0.49999997,0.5,0.5,0.5,0.5,0.5,0.5,0.5,0.5,0.5,0.5,0.5,0.5,0.5,0.5,0.5,0.49999997,0.5,0.5,0.5,0.9999021,0.5,0.5,0.5
0.5,0.5,0.5,0.5,0.5,0.5,0.49999997,0.5,0.5,0.5,0.5,0.9999873,0.5,0.5,0.5,0.49999997,0.5,0.49999997,0.5,0.5,0.5,0.5,0.5,0.5,0.49999997,0.5,0.5,0.5,0.5,0.5,0.49999997,0.5,0.5,0.5,0.5,0.5,0.5,0.49999997,0.5,0.5,0.5,0.49999997,0.5,0.5,0.5,0.5,0.5,0.5,0.5,0.5,0.5,0.5,0.5,0.5,0.5,0.5,0.5,0.49999997,0.5,0.5,0.5,0.9999105,0.5,0.5,0.5
0.5,0.5,0.5,0.5,0.5,0.5,0.49999997,0.5,0.5,0.5,0.5,0.9999933,0.5,0.5,0.5,0.49999997,0.5,0.49999997,0.5,0.5,0.5,0.5,0.5,0.5,0.49999997,0.5,0.5,0.5,0.5,0.5,0.49999997,0.5,0.5,0.5,0.5,0.5,0.5,0.49999997,0.5,0.5,0.5,0.49999997,0.5,0.5,0.5,0.5,0.5,0.5,0.5,0.5,0.5,0.5,0.5,0.5,0.5,0.5,0.5,0.49999997,0.5,0.5,0.5,0.5,0.5,0.5,0.5
0.5,0.5,0.5,0.5,0.5,0.5,0.49999997,0.5,0.5,0.5,0.5,0.99999416,0.5,0.5,0.5,0.49999997,0.5,0.49999997,0.5,0.5,0.5,0.5,0.5,0.5,0.49999997,0.5,0.5,0.5,0.5,0.5,0.49999997,0.5,0.5,0.5,0.5,0.5,0.5,0.49999997,0.5,0.5,0.5,0.49999997,0.5,0.5,0.5,0.5,0.5,0.5,0.5,0.5,0.5,0.5,0.5,0.5,0.5,0.5,0.5,0.49999997,0.5,0.5,0.5,0.5,0.5,0.5,0.5
0.5,0.5,0.5,0.5,0.5,0.5,0.49999997,0.5,0.5,0.5,0.5,0.99999577,0.5,0.5,0.5,0.49999997,0.5,0.49999997,0.5,0.5,0.5,0.5,0.5,0.5,0.49999997,0.5,0.5,0.5,0.5,0.5,0.49999997,0.5,0.5,0.5,0.5,0.5,0.5,0.49999997,0.5,0.5,0.5,0.49999997,0.5,0.5,0.5,0.5,0.5,0.5,0.5,0.5,0.5,0.5,0.5,0.5,0.5,0.5,0.5,0.49999997,0.5,0.5,0.5,0.99994755,0.5,0.5,0.5
0.5,0.5,0.5,0.5,0.5,0.5,0.49999997,0.5,0.5,0.5,0.5,0.99998593,0.5,0.5,0.5,0.49999997,0.5,0.49999997,0.5,0.5,0.5,0.5,0.5,0.5,0.49999997,0.5,0.5,0.5,0.5,0.5,0.49999997,0.5,0.5,0.5,0.5,0.5,0.5,0.49999997,0.5,0.5,0.5,0.49999997,0.5,0.5,0.5,0.5,0.5,0.5,0.5,0.5,0.5,0.5,0.5,0.5,0.5,0.5,0.5,0.49999997,0.5,0.5,0.5,0.9999239,0.5,0.5,0.5
0.5,0.5,0.5,0.5,0.5,0.5,0.49999997,0.5,0.5,0.5,0.5,0.9999924,0.5,0.5,0.5,0.49999997,0.5,0.49999997,0.5,0.5,0.5,0.5,0.5,0.5,0.49999997,0.5,0.5,0.5,0.5,0.5,0.49999997,0.5,0.5,0.5,0.5,0.5,0.5,0.49999997,0.5,0.5,0.5,0.49999997,0.5,0.5,0.5,0.5,0.5,0.5,0.5,0.5,0.5,0.5,0.5,0.5,0.5,0.5,0.5,0.49999997,0.5,0.5,0.5,0.9999455,0.5,0.5,0.5
0.5,0.5,0.5,0.5,0.5,0.5,0.49999997,0.5,0.5,0.5,0.5,0.99999154,0.5,0.5,0.5,0.49999997,0.5,0.49999997,0.5,0.5,0.5,0.5,0.5,0.5,0.49999997,0.5,0.5,0.5,0.5,0.5,0.49999997,0.5,0.5,0.5,0.5,0.5,0.5,0.49999997,0.5,0.5,0.5,0.49999997,0.5,0.5,0.5,0.5,0.5,0.5,0.5,0.5,0.5,0.5,0.5,0.5,0.5,0.5,0.5,0.49999997,0.5,0.5,0.5,0.5,0.5,0.5,0.5
0.5,0.5,0.5,0.5,0.5,0.5,0.49999997,0.5,0.5,0.5,0.5,0.9999864,0.5,0.5,0.5,0.49999997,0.5,0.49999997,0.5,0.5,0.5,0.5,0.5,0.5,0.49999997,0.5,0.5,0.5,0.5,0.5,0.49999997,0.5,0.5,0.5,0.5,0.5,0.5,0.49999997,0.5,0.5,0.5,0.49999997,0.5,0.5,0.5,0.5,0.5,0.5,0.5,0.5,0.5,0.5,0.5,0.5,0.5,0.5,0.5,0.49999997,0.5,0.5,0.5,0.5,0.5,0.5,0.5
0.5,0.5,0.5,0.5,0.5,0.5,0.49999997,0.5,0.5,0.5,0.5,0.9999967,0.5,0.5,0.5,0.49999997,0.5,0.49999997,0.5,0.5,0.5,0.5,0.5,0.5,0.49999997,0.5,0.5,0.5,0.5,0.5,0.49999997,0.5,0.5,0.5,0.5,0.5,0.5,0.49999997,0.5,0.5,0.5,0.49999997,0.5,0.5,0.5,0.5,0.5,0.5,0.5,0.5,0.5,0.5,0.5,0.5,0.5,0.5,0.5,0.49999997,0.5,0.5,0.5,0.5,0.5,0.5,0.5
0.5,0.5,0.5,0.5,0.5,0.5,0.49999997,0.5,0.5,0.5,0.5,0.999992,0.5,0.5,0.5,0.49999997,0.5,0.49999997,0.5,0.5,0.5,0.5,0.5,0.5,0.49999997,0.5,0.5,0.5,0.5,0.5,0.49999997,0.5,0.5,0.5,0.5,0.5,0.5,0.49999997,0.5,0.5,0.5,0.49999997,0.5,0.5,0.5,0.5,0.5,0.5,0.5,0.5,0.5,0.5,0.5,0.5,0.5,0.5,0.5,0.49999997,0.5,0.5,0.5,0.5,0.5,0.5,0.5
0.5,0.5,0.5,0.5,0.5,0.5,0.49999997,0.5,0.5,0.5,0.5,0.9999804,0.5,0.5,0.5,0.49999997,0.5,0.49999997,0.5,0.5,0.5,0.5,0.5,0.5,0.49999997,0.5,0.5,0.5,0.5,0.5,0.49999997,0.5,0.5,0.5,0.5,0.5,0.5,0.49999997,0.5,0.5,0.5,0.49999997,0.5,0.5,0.5,0.5,0.5,0.5,0.5,0.5,0.5,0.5,0.5,0.5,0.5,0.5,0.5,0.49999997,0.5,0.5,0.5,0.5,0.5,0.5,0.5
0.5,0.5,0.5,0.5,0.5,0.5,0.49999997,0.5,0.5,0.5,0.5,0.9999872,0.5,0.5,0.5,0.49999997,0.5,0.49999997,0.5,0.5,0.5,0.5,0.5,0.5,0.49999997,0.5,0.5,0.5,0.5,0.5,0.49999997,0.5,0.5,0.5,0.5,0.5,0.5,0.49999997,0.5,0.5,0.5,0.49999997,0.5,0.5,0.5,0.5,0.5,0.5,0.5,0.5,0.5,0.5,0.5,0.5,0.5,0.5,0.5,0.49999997,0.5,0.5,0.5,0.5,0.5,0.5,0.5
0.5,0.5,0.5,0.5,0.5,0.5,0.49999997,0.5,0.5,0.5,0.5,0.99999416,0.5,0.5,0.5,0.49999997,0.5,0.49999997,0.5,0.5,0.5,0.5,0.5,0.5,0.49999997,0.5,0.5,0.5,0.5,0.5,0.49999997,0.5,0.5,0.5,0.5,0.5,0.5,0.49999997,0.5,0.5,0.5,0.49999997,0.5,0.5,0.5,0.5,0.5,0.5,0.5,0.5,0.5,0.5,0.5,0.5,0.5,0.5,0.5,0.49999997,0.5,0.5,0.5,0.5,0.5,0.5,0.5
0.5,0.5,0.5,0.5,0.5,0.5,0.49999997,0.5,0.5,0.5,0.5,0.9999948,0.5,0.5,0.5,0.49999997,0.5,0.49999997,0.5,0.5,0.5,0.5,0.5,0.5,0.49999997,0.5,0.5,0.5,0.5,0.5,0.49999997,0.5,0.5,0.5,0.5,0.5,0.5,0.49999997,0.5,0.5,0.5,0.49999997,0.5,0.5,0.5,0.5,0.5,0.5,0.5,0.5,0.5,0.5,0.5,0.5,0.5,0.5,0.5,0.49999997,0.5,0.5,0.5,0.5,0.5,0.5,0.5
0.5,0.5,0.5,0.5,0.5,0.5,0.49999997,0.5,0.5,0.5,0.5,0.9999972,0.5,0.5,0.5,0.49999997,0.5,0.49999997,0.5,0.5,0.5,0.5,0.5,0.5,0.49999997,0.5,0.5,0.5,0.5,0.5,0.49999997,0.5,0.5,0.5,0.5,0.5,0.5,0.49999997,0.5,0.5,0.5,0.49999997,0.5,0.5,0.5,0.5,0.5,0.5,0.5,0.5,0.5,0.5,0.5,0.5,0.5,0.5,0.5,0.49999997,0.5,0.5,0.5,0.5,0.5,0.5,0.5
0.5,0.5,0.5,0.5,0.5,0.5,0.49999997,0.5,0.5,0.5,0.5,0.9999947,0.5,0.5,0.5,0.49999997,0.5,0.49999997,0.5,0.5,0.5,0.5,0.5,0.5,0.49999997,0.5,0.5,0.5,0.5,0.5,0.49999997,0.5,0.5,0.5,0.5,0.5,0.5,0.49999997,0.5,0.5,0.5,0.49999997,0.5,0.5,0.5,0.5,0.5,0.5,0.5,0.5,0.5,0.5,0.5,0.5,0.5,0.5,0.5,0.49999997,0.5,0.5,0.5,0.5,0.5,0.5,0.5
0.5,0.5,0.5,0.5,0.5,0.5,0.49999997,0.5,0.5,0.5,0.5,0.9999879,0.5,0.5,0.5,0.49999997,0.5,0.49999997,0.5,0.5,0.5,0.5,0.5,0.5,0.49999997,0.5,0.5,0.5,0.5,0.5,0.49999997,0.5,0.5,0.5,0.5,0.5,0.5,0.49999997,0.5,0.5,0.5,0.49999997,0.5,0.5,0.5,0.5,0.5,0.5,0.5,0.5,0.5,0.5,0.5,0.5,0.5,0.5,0.5,0.49999997,0.5,0.5,0.5,0.5,0.5,0.5,0.5
0.5,0.5,0.5,0.5,0.5,0.5,0.49999997,0.5,0.5,0.5,0.5,0.99999636,0.5,0.5,0.5,0.49999997,0.5,0.49999997,0.5,0.5,0.5,0.5,0.5,0.5,0.49999997,0.5,0.5,0.5,0.5,0.5,0.49999997,0.5,0.5,0.5,0.5,0.5,0.5,0.49999997,0.5,0.5,0.5,0.49999997,0.5,0.5,0.5,0.5,0.5,0.5,0.5,0.5,0.5,0.5,0.5,0.5,0.5,0.5,0.5,0.49999997,0.5,0.5,0.5,0.5,0.5,0.5,0.5
0.5,0.5,0.5,0.5,0.5,0.5,0.49999997,0.5,0.5,0.5,0.5,0.99999744,0.5,0.5,0.5,0.49999997,0.5,0.49999997,0.5,0.5,0.5,0.5,0.5,0.5,0.49999997,0.5,0.5,0.5,0.5,0.5,0.49999997,0.5,0.5,0.5,0.5,0.5,0.5,0.49999997,0.5,0.5,0.5,0.49999997,0.5,0.5,0.5,0.5,0.5,0.5,0.5,0.5,0.5,0.5,0.5,0.5,0.5,0.5,0.5,0.49999997,0.5,0.5,0.5,0.5,0.5,0.5,0.5
0.5,0.5,0.5,0.5,0.5,0.5,0.49999997,0.5,0.5,0.5,0.5,0.99999756,0.5,0.5,0.5,0.49999997,0.5,0.49999997,0.5,0.5,0.5,0.5,0.5,0.5,0.49999997,0.5,0.5,0.5,0.5,0.5,0.49999997,0.5,0.5,0.5,0.5,0.5,0.5,0.49999997,0.5,0.5,0.5,0.49999997,0.5,0.5,0.5,0.5,0.5,0.5,0.5,0.5,0.5,0.5,0.5,0.5,0.5,0.5,0.5,0.49999997,0.5,0.5,0.5,0.5,0.5,0.5,0.5
0.5,0.5,0.5,0.5,0.5,0.5,0.49999997,0.5,0.5,0.5,0.5,0.9999965,0.5,0.5,0.5,0.49999997,0.5,0.49999997,0.5,0.5,0.5,0.5,0.5,0.5,0.49999997,0.5,0.5,0.5,0.5,0.5,0.49999997,0.5,0.5,0.5,0.5,0.5,0.5,0.49999997,0.5,0.5,0.5,0.49999997,0.5,0.5,0.5,0.5,0.5,0.5,0.5,0.5,0.5,0.5,0.5,0.5,0.5,0.5,0.5,0.49999997,0.5,0.5,0.5,0.5,0.5,0.5,0.5
0.5,0.5,0.5,0.5,0.5,0.5,0.49999997,0.5,0.5,0.5,0.5,0.9999972,0.5,0.5,0.5,0.49999997,0.5,0.49999997,0.5,0.5,0.5,0.5,0.5,0.5,0.49999997,0.5,0.5,0.5,0.5,0.5,0.49999997,0.5,0.5,0.5,0.5,0.5,0.5,0.49999997,0.5,0.5,0.5,0.49999997,0.5,0.5,0.5,0.5,0.5,0.5,0.5,0.5,0.5,0.5,0.5,0.5,0.5,0.5,0.5,0.49999997,0.5,0.5,0.5,0.5,0.5,0.5,0.5
0.5,0.5,0.5,0.5,0.5,0.5,0.49999997,0.5,0.5,0.5,0.5,0.99999696,0.5,0.5,0.5,0.49999997,0.5,0.49999997,0.5,0.5,0.5,0.5,0.5,0.5,0.49999997,0.5,0.5,0.5,0.5,0.5,0.49999997,0.5,0.5,0.5,0.5,0.5,0.5,0.49999997,0.5,0.5,0.5,0.49999997,0.5,0.5,0.5,0.5,0.5,0.5,0.5,0.5,0.5,0.5,0.5,0.5,0.5,0.5,0.5,0.49999997,0.5,0.5,0.5,0.5,0.5,0.5,0.5
0.5,0.5,0.5,0.5,0.5,0.5,0.49999997,0.5,0.5,0.5,0.5,0.99999624,0.5,0.5,0.5,0.49999997,0.5,0.49999997,0.5,0.5,0.5,0.5,0.5,0.5,0.49999997,0.5,0.5,0.5,0.5,0.5,0.49999997,0.5,0.5,0.5,0.5,0.5,0.5,0.49999997,0.5,0.5,0.5,0.49999997,0.5,0.5,0.5,0.5,0.5,0.5,0.5,0.5,0.5,0.5,0.5,0.5,0.5,0.5,0.5,0.49999997,0.5,0.5,0.5,0.5,0.5,0.5,0.5
0.5,0.5,0.5,0.5,0.5,0.5,0.49999997,0.5,0.5,0.5,0.5,0.9999978,0.5,0.5,0.5,0.49999997,0.5,0.49999997,0.5,0.5,0.5,0.5,0.5,0.5,0.49999997,0.5,0.5,0.5,0.5,0.5,0.49999997,0.5,0.5,0.5,0.5,0.5,0.5,0.49999997,0.5,0.5,0.5,0.49999997,0.5,0.5,0.5,0.5,0.5,0.5,0.5,0.5,0.5,0.5,0.5,0.5,0.5,0.5,0.5,0.49999997,0.5,0.5,0.5,0.5,0.5,0.5,0.5
0.5,0.5,0.5,0.5,0.5,0.5,0.49999997,0.5,0.5,0.5,0.5,0.99999696,0.5,0.5,0.5,0.49999997,0.5,0.49999997,0.5,0.5,0.5,0.5,0.5,0.5,0.49999997,0.5,0.5,0.5,0.5,0.5,0.49999997,0.5,0.5,0.5,0.5,0.5,0.5,0.49999997,0.5,0.5,0.5,0.49999997,0.5,0.5,0.5,0.5,0.5,0.5,0.5,0.5,0.5,0.5,0.5,0.5,0.5,0.5,0.5,0.49999997,0.5,0.5,0.5,0.5,0.5,0.5,0.5
0.5,0.5,0.5,0.5,0.5,0.5,0.49999997,0.5,0.5,0.5,0.5,0.9999977,0.5,0.5,0.5,0.49999997,0.5,0.49999997,0.5,0.5,0.5,0.5,0.5,0.5,0.49999997,0.5,0.5,0.5,0.5,0.5,0.49999997,0.5,0.5,0.5,0.5,0.5,0.5,0.49999997,0.5,0.5,0.5,0.49999997,0.5,0.5,0.5,0.5,0.5,0.5,0.5,0.5,0.5,0.5,0.5,0.5,0.5,0.5,0.5,0.49999997,0.5,0.5,0.5,0.5,0.5,0.5,0.5
0.5,0.5,0.5,0.5,0.5,0.5,0.49999997,0.5,0.5,0.5,0.5,0.9999982,0.5,0.5,0.5,0.49999997,0.5,0.49999997,0.5,0.5,0.5,0.5,0.5,0.5,0.49999997,0.5,0.5,0.5,0.5,0.5,0.49999997,0.5,0.5,0.5,0.5,0.5,0.5,0.49999997,0.5,0.5,0.5,0.49999997,0.5,0.5,0.5,0.5,0.5,0.5,0.5,0.5,0.5,0.5,0.5,0.5,0.5,0.5,0.5,0.49999997,0.5,0.5,0.5,0.5,0.5,0.5,0.5
0.5,0.5,0.5,0.5,0.5,0.5,0.49999997,0.5,0.5,0.5,0.5,0.99999857,0.5,0.5,0.5,0.49999997,0.5,0.49999997,0.5,0.5,0.5,0.5,0.5,0.5,0.49999997,0.5,0.5,0.5,0.5,0.5,0.49999997,0.5,0.5,0.5,0.5,0.5,0.5,0.49999997,0.5,0.5,0.5,0.49999997,0.5,0.5,0.5,0.5,0.5,0.5,0.5,0.5,0.5,0.5,0.5,0.5,0.5,0.5,0.5,0.49999997,0.5,0.5,0.5,0.5,0.5,0.5,0.5
0.5,0.5,0.5,0.5,0.5,0.5,0.49999997,0.5,0.5,0.5,0.5,0.99999756,0.5,0.5,0.5,0.49999997,0.5,0.49999997,0.5,0.5,0.5,0.5,0.5,0.5,0.49999997,0.5,0.5,0.5,0.5,0.5,0.49999997,0.5,0.5,0.5,0.5,0.5,0.5,0.49999997,0.5,0.5,0.5,0.49999997,0.5,0.5,0.5,0.5,0.5,0.5,0.5,0.5,0.5,0.5,0.5,0.5,0.5,0.5,0.5,0.49999997,0.5,0.5,0.5,0.5,0.5,0.5,0.5
0.5,0.5,0.5,0.5,0.5,0.5,0.49999997,0.5,0.5,0.5,0.5,0.9999988,0.5,0.5,0.5,0.49999997,0.5,0.49999997,0.5,0.5,0.5,0.5,0.5,0.5,0.49999997,0.5,0.5,0.5,0.5,0.5,0.49999997,0.5,0.5,0.5,0.5,0.5,0.5,0.49999997,0.5,0.5,0.5,0.49999997,0.5,0.5,0.5,0.5,0.5,0.5,0.5,0.5,0.5,0.5,0.5,0.5,0.5,0.5,0.5,0.49999997,0.5,0.5,0.5,0.5,0.5,0.5,0.5
