0,1,2,3,4,5,6,7,8,9,10,11,12,13,14,15,16,17,18,19,20,21,22,23,24,25,26,27,28,29,30
0.8711123,0.93563676,0.8982626,0.830339,0.80607635,0.9006151,0.8563582,0.7823522,0.782945,0.79114497,0.8760729,0.8714404,0.884995,0.79799414,0.8801576,0.8498318,0.88674706,0.880618,0.8411854,0.7531677,0.74699104,0.8842404,0.8640733,0.75635904,0.81207174,0.78604174,0.6931391,0.8065819,0.7878817,0.82459635,0.78689855
0.85745037,0.9459437,0.90011555,0.80965567,0.793852,0.883922,0.85032666,0.7806785,0.75039065,0.7778744,0.865436,0.8525676,0.87392575,0.7866599,0.84402025,0.82774144,0.8721118,0.87940496,0.8167245,0.72877085,0.7310732,0.876968,0.8665688,0.7133766,0.7819352,0.7685803,0.66894084,0.79354537,0.7659879,0.80325985,0.7613617
0.8527285,0.9427217,0.90682364,0.8089989,0.7892242,0.89583325,0.8473309,0.77863204,0.74397737,0.77448815,0.8584207,0.86013967,0.8681131,0.7746069,0.84951794,0.8272006,0.8755214,0.8795353,0.8305135,0.73388416,0.7287347,0.8765343,0.8633103,0.72392076,0.7888628,0.7688199,0.65800595,0.7868708,0.77004915,0.8005736,0.76514894
0.8737403,0.9401549,0.90989375,0.81578356,0.77092874,0.9032008,0.85598695,0.762117,0.74150527,0.7667955,0.8693587,0.8584239,0.880996,0.7799062,0.86408454,0.854102,0.8822394,0.8839139,0.8399641,0.7349878,0.71778977,0.88924587,0.8630885,0.71484107,0.78348416,0.76754934,0.6533431,0.7851627,0.7669073,0.81474644,0.76313066
0.866126,0.95002174,0.911922,0.83151746,0.77552533,0.89510113,0.8584264,0.7640836,0.6968297,0.7727395,0.8832866,0.86016166,0.8835818,0.7751291,0.8915224,0.8738871,0.8891694,0.89532954,0.8479567,0.7481706,0.7132314,0.8985998,0.8687748,0.7034363,0.7915323,0.7610414,0.6517382,0.79091775,0.7567962,0.7986482,0.7535005
0.8688511,0.94434994,0.91543996,0.83048785,0.76989186,0.9054706,0.8682637,0.77425975,0.76916957,0.753939,0.88161725,0.86449605,0.8767689,0.75401235,0.9003202,0.879803,0.8985067,0.9098264,0.8669106,0.7509861,0.71770793,0.8896238,0.8723131,0.68980217,0.7839388,0.7700866,0.641679,0.7780379,0.7447098,0.8090195,0.75439876
0.88541186,0.94065493,0.92344266,0.8233406,0.7724364,0.88933915,0.86742866,0.7790089,0.6817251,0.7609599,0.8884716,0.8642356,0.8907009,0.7401023,0.90350354,0.8866075,0.8996524,0.90153795,0.8624422,0.76818675,0.7083082,0.89630616,0.8637957,0.7094786,0.80120623,0.7793914,0.64827126,0.775929,0.7508017,0.7942362,0.74970853
0.8947468,0.9546875,0.91064376,0.82595813,0.76321596,0.90274614,0.8590123,0.768692,0.70329434,0.76593965,0.8919541,0.8651365,0.8846053,0.74981636,0.90687203,0.88833165,0.9062499,0.8928843,0.88264763,0.7750212,0.7260254,0.8970733,0.8744091,0.6630658,0.8233094,0.772469,0.6385795,0.7924077,0.7115933,0.811724,0.76349133
0.89355373,0.9505517,0.899432,0.82446396,0.7619164,0.89768654,0.86705375,0.7587668,0.77890986,0.77017003,0.8850513,0.8672343,0.8802431,0.7811631,0.9094344,0.8929676,0.90046304,0.90794784,0.893099,0.7668177,0.7356388,0.9005294,0.86466527,0.65519583,0.83764476,0.7852722,0.6476772,0.78537965,0.75722337,0.80892736,0.75629723
0.90027016,0.9449198,0.91325474,0.8072237,0.77477354,0.89826787,0.8597551,0.76585734,0.7685598,0.7579519,0.8803727,0.86580664,0.90042514,0.78628165,0.9030003,0.8923078,0.8965539,0.89941317,0.8897028,0.7873597,0.73997486,0.89722425,0.86055464,0.6462771,0.84582615,0.7842623,0.6607861,0.7886103,0.7476259,0.81511897,0.76515865
0.89829594,0.94589925,0.8969896,0.83952457,0.7614895,0.8893497,0.8661989,0.779821,0.78523374,0.75824106,0.8782924,0.86820674,0.8950043,0.8057627,0.8837134,0.89795655,0.88432384,0.9150875,0.8845677,0.79352397,0.7376612,0.9020887,0.85801065,0.6807833,0.84108675,0.7873944,0.6746347,0.79719794,0.71971047,0.8182635,0.7506156
0.89013326,0.9583541,0.9000008,0.8205336,0.77313095,0.9048053,0.8689579,0.7834908,0.7265553,0.76046634,0.8711959,0.86486447,0.8671042,0.7740314,0.88610333,0.8867277,0.8985756,0.9132195,0.85679865,0.8150333,0.7311944,0.8992815,0.85197127,0.6670714,0.83114123,0.79268205,0.69504035,0.7718944,0.75405717,0.80667233,0.75712013
0.8906259,0.95772374,0.91820914,0.8177384,0.7440003,0.9108347,0.8720914,0.78920156,0.7133867,0.7651746,0.8694279,0.87157565,0.87659395,0.7900462,0.8887448,0.8872613,0.8792157,0.90462554,0.8478902,0.8056839,0.7497028,0.9059996,0.87062544,0.6487608,0.83372605,0.78890145,0.70693535,0.7692454,0.7528065,0.80097723,0.748882
0.9141184,0.95489,0.9200876,0.84985495,0.78525937,0.9145762,0.8671442,0.77744335,0.7891332,0.7889209,0.89220715,0.9103323,0.91203046,0.8687093,0.8997863,0.88670313,0.89593416,0.8810167,0.86205447,0.85060394,0.7760708,0.9208583,0.91489995,0.73976517,0.8705855,0.80757266,0.7473581,0.8296382,0.79342365,0.8040511,0.7922363
0.8984101,0.9369524,0.92120165,0.8507308,0.7339668,0.91069824,0.86127317,0.79699063,0.7624422,0.8167355,0.8683984,0.9054371,0.8858431,0.83079827,0.9127987,0.9058849,0.8983983,0.89781916,0.8639104,0.8254156,0.78155893,0.90665287,0.90628225,0.7311736,0.8585663,0.8005757,0.73414975,0.813942,0.79739046,0.80504614,0.8005001
0.9134766,0.9480618,0.94104,0.84928584,0.8028636,0.91682565,0.88082004,0.81815124,0.7667082,0.81886286,0.8688805,0.90690035,0.9018345,0.84710485,0.91596943,0.89554036,0.9158487,0.91948295,0.8677951,0.84783393,0.778484,0.93507683,0.87600404,0.6966465,0.84793377,0.80923575,0.7416549,0.8301019,0.76902425,0.8134099,0.796223
0.90517914,0.9563532,0.9375565,0.87584805,0.7514006,0.91391104,0.9001394,0.8107007,0.7464295,0.79692024,0.8961525,0.9185604,0.8810209,0.825067,0.925582,0.89450616,0.93030715,0.89834625,0.8456602,0.84536153,0.8020811,0.9385368,0.904958,0.75096244,0.835204,0.8041543,0.75117725,0.82713425,0.8350647,0.8256766,0.7932147
0.9160265,0.95684904,0.9252383,0.8786199,0.7583709,0.9287615,0.87667626,0.80922174,0.75164115,0.8088855,0.89461154,0.91091347,0.89500725,0.82565147,0.9262927,0.8957248,0.92335707,0.91048527,0.8727303,0.8235936,0.79945505,0.922011,0.90137017,0.7204595,0.83570355,0.76926553,0.7537705,0.8311247,0.7738951,0.8270812,0.8120445
0.9223314,0.94849944,0.89911985,0.88018334,0.87487066,0.919815,0.90069145,0.8502393,0.81368476,0.8483933,0.91170657,0.9363299,0.9198509,0.8863338,0.9323021,0.9021374,0.9329235,0.90959346,0.8790876,0.86975217,0.8557094,0.9404092,0.9327275,0.8379986,0.8876356,0.856481,0.8253189,0.86082345,0.85731614,0.8510101,0.87627417
0.92802155,0.9645098,0.92536336,0.88928646,0.8417947,0.9326868,0.9076655,0.8430645,0.79254794,0.83353823,0.9245993,0.9319502,0.93656933,0.87282693,0.92403126,0.9090301,0.9309314,0.91242886,0.89176345,0.87978464,0.79726183,0.9328215,0.91423124,0.7826551,0.8775643,0.8350749,0.79776144,0.839079,0.89917195,0.8272262,0.8186285
0.91231364,0.9513697,0.93537617,0.8659701,0.808385,0.9308706,0.9011116,0.81578743,0.7542153,0.8283162,0.8885783,0.9229862,0.91930306,0.85023236,0.9444165,0.9106694,0.92202973,0.9053526,0.8733175,0.8251579,0.7943122,0.9337277,0.89707804,0.7273142,0.8700542,0.8032204,0.74377686,0.84321904,0.7987483,0.8166978,0.8276898
0.9343185,0.9496269,0.9328938,0.89377785,0.8278917,0.937308,0.9016376,0.83031243,0.771408,0.8229439,0.9143869,0.917714,0.90748155,0.8364062,0.9289335,0.9047629,0.9293168,0.9121825,0.8760541,0.84718436,0.8047097,0.93497425,0.88147086,0.73732746,0.86599183,0.8253774,0.7797894,0.8294872,0.80761826,0.8127337,0.82898426
0.9357458,0.9545791,0.94075006,0.8919364,0.8486245,0.93604994,0.9191272,0.87010807,0.80341333,0.8408952,0.9199923,0.9342739,0.934595,0.87219137,0.93948025,0.9298237,0.92899305,0.9159851,0.89878464,0.8819534,0.8592558,0.93654495,0.92491275,0.8057999,0.890733,0.84892094,0.811993,0.86670357,0.87219054,0.8357111,0.8505288
0.92701674,0.9587954,0.92559433,0.9000127,0.8281902,0.938258,0.8983419,0.8424752,0.77073234,0.84213793,0.9013572,0.9372906,0.9198468,0.88738173,0.9257259,0.90712065,0.9290017,0.91526335,0.8978034,0.8751257,0.8438394,0.9405596,0.91491055,0.7756944,0.8867503,0.86305386,0.8003608,0.84085983,0.8475801,0.858425,0.8329281
0.92734766,0.96401215,0.9234004,0.8963348,0.88915896,0.9334285,0.9201525,0.86696374,0.8402591,0.83529586,0.92252356,0.9400121,0.9200249,0.88586694,0.94191736,0.9176793,0.9414125,0.9297027,0.87509674,0.88432634,0.8591384,0.9315828,0.9293686,0.8346307,0.8843675,0.8808607,0.8374073,0.8789808,0.887008,0.8746983,0.8546827
0.93443835,0.95402646,0.9249744,0.88985866,0.85890406,0.94214016,0.9046352,0.83951414,0.79506814,0.8309067,0.9093728,0.94306284,0.9120899,0.8608039,0.9527732,0.9254689,0.93557084,0.9143048,0.88914883,0.88825136,0.87388337,0.9268067,0.9090843,0.7921958,0.8969333,0.8563051,0.7848614,0.8724052,0.86449337,0.8590463,0.8159649
0.93040717,0.95228636,0.94815564,0.8748805,0.8280338,0.9238358,0.8985509,0.81189907,0.7596195,0.81998014,0.9157648,0.9098212,0.9085685,0.8361381,0.94656754,0.91868204,0.9290317,0.91255206,0.8690088,0.851762,0.82298183,0.92857385,0.9020823,0.75250375,0.8690988,0.81402576,0.754291,0.83261883,0.84912044,0.85305625,0.82106835
0.9134073,0.9609937,0.955047,0.8759036,0.82690185,0.9407769,0.8922853,0.8017688,0.75786513,0.8419197,0.88827544,0.90949225,0.9065786,0.8279926,0.936827,0.9171346,0.9413542,0.90292567,0.8841921,0.83686364,0.80566007,0.925166,0.8817194,0.7074601,0.87898546,0.79710937,0.7597589,0.80695,0.78392065,0.83390886,0.79763144
0.9075243,0.9540288,0.95737237,0.8624704,0.79481393,0.9340055,0.8900812,0.7896358,0.7822467,0.830696,0.89405495,0.9084464,0.8890662,0.8378383,0.94373876,0.91292924,0.9154312,0.90825933,0.8848331,0.82239467,0.81417215,0.92570865,0.88469076,0.7338967,0.8717478,0.78661,0.7402572,0.8073811,0.807906,0.81583303,0.7864647
0.9189173,0.9572502,0.95316863,0.8747977,0.7587461,0.93390644,0.87784135,0.8030194,0.8064208,0.8245867,0.89028823,0.9033915,0.8895507,0.84212375,0.966456,0.93373096,0.9207231,0.88587135,0.8620746,0.8214697,0.8130808,0.91876155,0.88756365,0.72770303,0.8607468,0.77180904,0.7237025,0.8037742,0.8073209,0.8175057,0.78078973
0.9020021,0.9544302,0.94418746,0.87252027,0.8014377,0.933997,0.89004356,0.7865265,0.7726917,0.8108318,0.87822115,0.90140486,0.88244456,0.81396306,0.9448191,0.90827286,0.90698427,0.9209009,0.8508487,0.80339676,0.7829191,0.9202907,0.86295986,0.6807815,0.8465879,0.7715441,0.7045789,0.8145185,0.7835238,0.8035669,0.7987087
0.90351486,0.9521869,0.9514935,0.8662179,0.7961522,0.9285083,0.9029103,0.7883612,0.7821414,0.8170344,0.8626861,0.8915502,0.88470596,0.83673245,0.95072764,0.9148199,0.90220183,0.9259183,0.8425524,0.8113124,0.78278726,0.9195736,0.87243813,0.6919622,0.84865814,0.78602535,0.70197797,0.79775554,0.7920377,0.79298866,0.81012034
0.9186504,0.96101576,0.95396996,0.8614802,0.80925,0.9295274,0.8899039,0.7815645,0.7945252,0.7944594,0.88284975,0.90402687,0.888479,0.8067326,0.9550671,0.9021706,0.9083751,0.9287994,0.8861217,0.84422714,0.79227716,0.9306416,0.87155765,0.6892537,0.84204745,0.80305874,0.77797985,0.7871477,0.78672045,0.81237704,0.7905447
0.93482435,0.963129,0.9626103,0.88250804,0.80699074,0.93354136,0.90071815,0.81991327,0.8122382,0.8095562,0.8837231,0.8943462,0.9037013,0.82774585,0.9599223,0.92366946,0.9269282,0.9099585,0.8867781,0.8430626,0.80929154,0.9255899,0.87649226,0.72964317,0.8735214,0.7985764,0.70581454,0.8328483,0.8223795,0.8093467,0.8086852
0.92459273,0.9606373,0.9604178,0.8721607,0.81309384,0.9332941,0.88554835,0.8061382,0.8031287,0.7921252,0.88964593,0.9075304,0.8958075,0.80397666,0.9351206,0.91254324,0.9290313,0.9209984,0.87195754,0.8198006,0.8214684,0.9183611,0.8864221,0.7030023,0.8457631,0.80823094,0.73212457,0.8133581,0.80173737,0.80523586,0.7826453
0.9239961,0.94420284,0.9497062,0.8777231,0.79625905,0.9235425,0.9002385,0.81720614,0.8143745,0.82073,0.8875559,0.8951111,0.90322125,0.8301034,0.94391733,0.9108558,0.9067223,0.91213113,0.8817772,0.84067523,0.8257434,0.9423597,0.8755422,0.70952743,0.859679,0.7665188,0.7452498,0.82154346,0.8024668,0.8508295,0.8074781
0.91987234,0.9476059,0.9488225,0.87477636,0.81858575,0.92808753,0.89703375,0.81727976,0.78747284,0.816115,0.8785005,0.91039544,0.8924085,0.8075106,0.9586426,0.8992665,0.913447,0.90794486,0.8820164,0.8589316,0.8044538,0.93263465,0.86876285,0.71863604,0.87826985,0.7539307,0.71643925,0.8179467,0.81768954,0.8367832,0.81248975
0.9223718,0.94745594,0.9571015,0.86887276,0.8003806,0.9301806,0.9080696,0.8302466,0.76944584,0.80230415,0.89159375,0.90801555,0.89807737,0.80762374,0.9562128,0.90571344,0.9192748,0.9013564,0.86368877,0.8516582,0.8063606,0.91613346,0.8771194,0.7280904,0.8651369,0.78301,0.7375189,0.8266088,0.8196039,0.83481675,0.78976893
0.9232386,0.953467,0.9489465,0.87131596,0.78439647,0.92519546,0.8896652,0.83499885,0.7990671,0.8080189,0.9027867,0.89940673,0.8997274,0.80886877,0.9619375,0.90023255,0.91355866,0.92722607,0.86781424,0.8419321,0.8121974,0.9264577,0.8833883,0.68844527,0.85425067,0.7685653,0.7291065,0.84372926,0.7943946,0.8063665,0.80291194
0.9270571,0.9565325,0.94931436,0.87675905,0.7854096,0.92499894,0.88126034,0.8094268,0.7937296,0.8129546,0.89836466,0.9072583,0.8975076,0.81583387,0.9631432,0.909936,0.9153566,0.9223345,0.86085314,0.8559487,0.7993579,0.9144153,0.8868322,0.71727455,0.8491776,0.7642303,0.7209527,0.81581527,0.81625664,0.80495614,0.7877168
0.9275121,0.9468401,0.96323663,0.8699387,0.80303067,0.92824507,0.8849064,0.8242378,0.7785881,0.8027225,0.89436007,0.9042166,0.8944465,0.82844067,0.96535194,0.9073825,0.91529965,0.9113071,0.89616865,0.8355557,0.7993208,0.92241424,0.8795587,0.72902185,0.85509455,0.78254247,0.7528669,0.8251197,0.83050364,0.8206854,0.7898576
0.9279217,0.9547174,0.96280473,0.87624127,0.7943825,0.91844106,0.89861834,0.82551706,0.82906544,0.8112046,0.90996236,0.9098344,0.8971491,0.84302616,0.9404454,0.92142206,0.9271178,0.9181802,0.8849572,0.8394412,0.805142,0.92656887,0.8864274,0.7383703,0.8636877,0.7814562,0.72249067,0.83511543,0.827535,0.81493646,0.80862564
0.938464,0.9477434,0.9568364,0.8765731,0.7846981,0.9277586,0.88679326,0.7961063,0.82750183,0.80337596,0.9046731,0.9068658,0.9204194,0.81609845,0.94438523,0.91139835,0.922032,0.89987934,0.88397324,0.85011125,0.809976,0.929199,0.87794864,0.7120954,0.8581325,0.787303,0.7139159,0.8204233,0.80952555,0.7972002,0.7783958
0.93702984,0.9656073,0.96191,0.88506544,0.79603875,0.93013036,0.89220667,0.8421794,0.8196939,0.8178613,0.8970578,0.90854174,0.92044437,0.83473593,0.9564749,0.9040457,0.92355126,0.91865045,0.8799821,0.87171024,0.8344362,0.93398124,0.89700234,0.7356032,0.8635318,0.7956096,0.78025794,0.83745444,0.82315785,0.80980414,0.8066801
0.93067133,0.964181,0.9698604,0.8850727,0.7789712,0.9268924,0.89381504,0.82837147,0.80258346,0.8129868,0.9000904,0.9081849,0.90947384,0.822613,0.96427053,0.90339285,0.92755336,0.9036614,0.88534844,0.8609379,0.8024475,0.9223639,0.8899898,0.69800085,0.8658792,0.76783913,0.73343486,0.8260457,0.8062328,0.81949043,0.7901774
0.94035083,0.96023524,0.95733505,0.9012714,0.7987441,0.9296074,0.89177513,0.810025,0.81260705,0.8138721,0.9105907,0.90245163,0.91233283,0.8191878,0.9561961,0.91548675,0.9266501,0.92370063,0.88895744,0.8725542,0.7957306,0.9405824,0.8820567,0.69103104,0.8815499,0.79571265,0.7614781,0.824175,0.782371,0.8212652,0.7923099
0.9356509,0.9555322,0.95121294,0.87665224,0.7767645,0.9387499,0.8877749,0.8174901,0.8080038,0.8027548,0.8893194,0.91025907,0.9106001,0.8148027,0.95330495,0.9069998,0.92303765,0.9182541,0.87724316,0.8771707,0.79910094,0.9320285,0.8841981,0.71640724,0.8655195,0.77968395,0.74726975,0.8389054,0.80258006,0.80906117,0.80871284
0.9363153,0.95952266,0.9627774,0.8835305,0.78798056,0.93677455,0.89958876,0.8365727,0.8139327,0.80040866,0.9057169,0.91574407,0.90663296,0.8205992,0.9506851,0.9232354,0.9251027,0.9079638,0.8836052,0.88195634,0.81699646,0.9156553,0.87830293,0.7539549,0.8841971,0.77605397,0.76366514,0.83768857,0.82514226,0.84203583,0.8101772
0.938794,0.95715857,0.98384213,0.8964251,0.77951074,0.9334475,0.8926389,0.8203986,0.8097421,0.821332,0.90956485,0.91586304,0.91705143,0.82140666,0.95512307,0.91031337,0.94496244,0.92070013,0.87599397,0.8556331,0.77281916,0.935066,0.8965781,0.71148694,0.8781003,0.7681825,0.77410305,0.85834706,0.79258823,0.84520245,0.8191159
0.93476474,0.96069527,0.9550935,0.8878351,0.79591227,0.94783026,0.88156015,0.8238532,0.80260223,0.7914012,0.899649,0.9059111,0.8921163,0.84665126,0.96914434,0.9155977,0.9299716,0.90456104,0.87300223,0.87334865,0.8110454,0.9296336,0.8824123,0.76143295,0.8860191,0.8003334,0.77595437,0.8520752,0.834635,0.81496435,0.80430615
0.9451539,0.94994265,0.95593715,0.9013416,0.80841327,0.928946,0.9060806,0.8394594,0.80999386,0.7901039,0.9045047,0.91378516,0.90263325,0.8487125,0.9756832,0.9211742,0.9306481,0.9141674,0.88671035,0.8665888,0.7866766,0.9247586,0.8911748,0.7444055,0.88189036,0.80388093,0.7611604,0.8557057,0.8218473,0.8332211,0.8334337
0.9371739,0.9580552,0.9489127,0.90114474,0.779224,0.93879324,0.9110439,0.83924615,0.8277175,0.83168155,0.9170303,0.9165197,0.916052,0.8376855,0.944595,0.9310008,0.93448114,0.92299974,0.90697,0.86755675,0.81523734,0.9373913,0.89607906,0.7260392,0.88478994,0.789624,0.7821583,0.8653938,0.7973982,0.8106816,0.8353348
0.9325357,0.9730308,0.9633285,0.8872463,0.78489625,0.9376658,0.90021,0.83734274,0.81897205,0.8087457,0.9025572,0.916308,0.90918326,0.8498844,0.9598234,0.92817485,0.94757503,0.9206474,0.8704771,0.874072,0.8481483,0.9345344,0.87970275,0.72759765,0.87466943,0.7972154,0.8069044,0.8533497,0.81459665,0.8254062,0.8165485
0.9454312,0.96033764,0.9523468,0.8834631,0.8024329,0.939789,0.90481514,0.8396439,0.79474574,0.8107386,0.90287596,0.90671504,0.9219267,0.8215027,0.9595722,0.9262643,0.9387472,0.9215481,0.8583376,0.86648095,0.7941117,0.937462,0.88636774,0.7436424,0.88772964,0.7727817,0.74872667,0.84803057,0.8150701,0.85014975,0.82229525
0.9435335,0.96511894,0.9707366,0.8793326,0.7931844,0.94489974,0.8960375,0.85408676,0.82964176,0.8234733,0.9199718,0.9203388,0.9236095,0.8213971,0.9590533,0.91813046,0.93174124,0.9260866,0.86961526,0.8634548,0.81669164,0.9400383,0.8998217,0.7453696,0.87911856,0.78434205,0.7964351,0.84903324,0.81559086,0.85633475,0.8073666
0.9334762,0.95148057,0.95909166,0.87739193,0.807694,0.93875974,0.8976614,0.8397615,0.8014556,0.7973166,0.92013645,0.9073444,0.93081117,0.81070703,0.9731416,0.9168312,0.94013757,0.91778886,0.90480024,0.8649026,0.834182,0.9315854,0.9029392,0.77103126,0.88026214,0.77693087,0.7606015,0.8465426,0.83923817,0.83255684,0.81979847
0.94604677,0.94200855,0.9666138,0.8784544,0.7904446,0.9367455,0.89013845,0.855837,0.7958187,0.79114383,0.91922516,0.9052596,0.9222858,0.82091576,0.9430431,0.9218878,0.9344537,0.92787725,0.9087373,0.8636755,0.8252821,0.94289243,0.89743304,0.73751915,0.8710496,0.7954531,0.759289,0.8478195,0.8175702,0.8356785,0.81972265
0.93129176,0.9502721,0.9555993,0.89555025,0.80303633,0.9318702,0.90205926,0.85397273,0.7995237,0.808756,0.91187596,0.9084357,0.9229008,0.81986314,0.92739433,0.9289245,0.9289895,0.9352719,0.8978075,0.8699751,0.810724,0.9294626,0.8886694,0.7133939,0.87681186,0.79844195,0.761312,0.86424565,0.7984054,0.8310867,0.8292611
0.93941504,0.949622,0.9642905,0.88482004,0.79089797,0.93392223,0.8889325,0.8226026,0.8117828,0.8030724,0.9114582,0.90653396,0.9172767,0.8300499,0.9524361,0.9206839,0.9255626,0.94280505,0.91130906,0.87034744,0.8211116,0.93879753,0.90109473,0.69667155,0.87222743,0.7416047,0.76179296,0.87468433,0.79056334,0.8249317,0.8154081
0.9316316,0.946902,0.9485198,0.88914376,0.789751,0.9442539,0.8913725,0.8284146,0.8258542,0.7839247,0.91160566,0.91256654,0.9156682,0.8442337,0.97422284,0.9114493,0.93283397,0.9253086,0.9323682,0.87543726,0.8190587,0.94045556,0.8885337,0.75620204,0.86672056,0.7903452,0.78366405,0.8617965,0.8204744,0.8080669,0.82691216
0.9343009,0.9657727,0.95804113,0.89642996,0.79024273,0.93436825,0.91928804,0.84994256,0.81890255,0.79056066,0.90601975,0.9203677,0.9169081,0.8496915,0.9793957,0.9340901,0.9282709,0.92769694,0.9078673,0.886089,0.8110345,0.93080664,0.88337696,0.7798316,0.89291114,0.81374633,0.79656035,0.8550788,0.83245116,0.8373381,0.83796465
0.93969214,0.95642436,0.95156205,0.8966648,0.7948139,0.9263454,0.9299987,0.83626974,0.8067851,0.79222494,0.9258316,0.9259326,0.9244308,0.82034767,0.9758118,0.9337566,0.92788845,0.919243,0.93810695,0.8696358,0.78526753,0.9282046,0.8896477,0.75194275,0.88987935,0.7855015,0.76136243,0.85801536,0.81541103,0.8209028,0.83568215
0.94454575,0.9617401,0.94410074,0.90841985,0.82197005,0.9371399,0.9269307,0.85879195,0.83262676,0.820649,0.9173179,0.9089493,0.91942686,0.8276169,0.96022385,0.92416346,0.93990785,0.9153083,0.9182823,0.86711884,0.8104097,0.93736845,0.8949608,0.7341002,0.88725615,0.78226596,0.7770772,0.84632355,0.80453223,0.81699234,0.83968824
0.9402968,0.97350574,0.95033056,0.90784883,0.8135625,0.9424273,0.91602623,0.83394504,0.81378996,0.8390155,0.92565745,0.91215724,0.92209685,0.8399365,0.9751191,0.928921,0.93673086,0.9164811,0.9224563,0.8687245,0.7883779,0.93216884,0.902368,0.75076485,0.8975188,0.79607856,0.7419083,0.86080945,0.80541,0.8401882,0.8298914
0.94126123,0.96283203,0.9540223,0.89908487,0.8148964,0.93960285,0.93013686,0.82519,0.8289894,0.8221964,0.9123015,0.90925163,0.9297201,0.8113442,0.95868146,0.91300255,0.92994785,0.93076736,0.92828,0.86630243,0.79292065,0.919268,0.90946376,0.7381179,0.8941426,0.78850985,0.75395256,0.8502571,0.79428536,0.820359,0.8281912
0.94135743,0.9788926,0.9626584,0.88623255,0.7920162,0.9471955,0.9317545,0.828307,0.81532204,0.80889374,0.9107667,0.9160319,0.91144377,0.8171538,0.90333164,0.9284908,0.9404432,0.92663205,0.9306414,0.878584,0.8238951,0.9289701,0.88882315,0.7527974,0.8874217,0.79146194,0.75604343,0.8877562,0.8088023,0.82098305,0.8272892
0.9432825,0.9793384,0.96153635,0.8992434,0.77517754,0.93303365,0.9269947,0.83070767,0.82285285,0.7907978,0.9125768,0.92172754,0.9212239,0.83652794,0.901582,0.9166914,0.94319487,0.92336774,0.92386556,0.86823106,0.7912922,0.9285871,0.88639253,0.7075432,0.884874,0.807127,0.77759004,0.8661973,0.695275,0.81172794,0.80295324
0.9477791,0.9592831,0.9708791,0.8910686,0.7842128,0.9440533,0.91894954,0.838167,0.82872593,0.8107815,0.9198329,0.9266753,0.9348327,0.8221973,0.9186714,0.91771024,0.93179715,0.92207676,0.9173346,0.8704237,0.81474406,0.924813,0.8886494,0.7456303,0.8896967,0.80116326,0.8164735,0.8615705,0.70042837,0.8328365,0.8084477
0.93312323,0.9813339,0.9634685,0.9036133,0.7984826,0.94148713,0.9102135,0.8244905,0.8024187,0.8040302,0.9213904,0.90718687,0.9219585,0.85052854,0.92795146,0.930703,0.92057794,0.94207263,0.9200931,0.8779976,0.80780554,0.93068576,0.8991796,0.86798775,0.8895355,0.79335463,0.74730235,0.8851129,0.75492334,0.83652747,0.820392
0.93726164,0.96473676,0.96681464,0.8852687,0.7774845,0.9360475,0.9217839,0.8472121,0.8027807,0.806524,0.9203313,0.9190095,0.9307935,0.8446222,0.9259093,0.91916114,0.929463,0.9332281,0.9313147,0.8869381,0.7743217,0.92010236,0.9163383,0.8718909,0.907369,0.77597237,0.7921251,0.86836314,0.7558856,0.847829,0.8105884
0.93510574,0.97509134,0.96866035,0.8949131,0.7742632,0.93800545,0.9277799,0.82649773,0.8116787,0.79299897,0.9122926,0.9204957,0.91067743,0.839728,0.9465295,0.9076787,0.9252137,0.9323304,0.9300598,0.8598749,0.812792,0.94033,0.8908383,0.87418836,0.8844686,0.78362066,0.7637626,0.86788267,0.817071,0.813691,0.83260596
0.94774246,0.97484523,0.97771066,0.8895967,0.7986618,0.94923466,0.929967,0.81252027,0.8084325,0.79622346,0.9143283,0.92048305,0.92918754,0.82960075,0.95635414,0.91662467,0.9282721,0.92672586,0.9412061,0.8685771,0.78962433,0.93066525,0.89640784,0.84485734,0.90605396,0.8050319,0.75820965,0.86658734,0.7959382,0.81729937,0.82034266
0.942202,0.9883993,0.9780302,0.9026647,0.7989827,0.9414536,0.94758564,0.8470771,0.79575175,0.7862247,0.91735077,0.92784125,0.917376,0.82761383,0.9417343,0.92309666,0.9168833,0.94101155,0.92793936,0.89837563,0.8315384,0.93391883,0.87315106,0.7638496,0.9015222,0.77778316,0.80437744,0.8630677,0.7698257,0.854423,0.83594126
0.94321585,0.97791564,0.9768002,0.91326046,0.8124687,0.9415804,0.93866575,0.8428216,0.8156474,0.8024217,0.9218624,0.9273206,0.9276561,0.8173857,0.9596818,0.91019225,0.93068963,0.9404099,0.9259781,0.87521946,0.8139606,0.9333472,0.89696616,0.85359377,0.9095296,0.8381415,0.7888577,0.88128304,0.81568277,0.8236568,0.83698153
0.95400614,0.97835845,0.9555779,0.8970618,0.83779645,0.9400326,0.9327616,0.8385505,0.8212973,0.8332609,0.9149271,0.9230874,0.9063895,0.8393345,0.9430475,0.9180445,0.9218807,0.9390282,0.92576325,0.8627498,0.82090783,0.9283959,0.9054735,0.874789,0.91376376,0.8006506,0.79973674,0.87108517,0.8512252,0.8296473,0.8459318
0.9547541,0.96247166,0.97838765,0.8904433,0.8118366,0.94605595,0.93648005,0.8480094,0.8003855,0.8205602,0.91033787,0.9185915,0.928921,0.8271517,0.95987844,0.9275909,0.92833924,0.92764485,0.93424636,0.85769606,0.79863554,0.92278165,0.89248914,0.77137125,0.89556074,0.8095091,0.7694984,0.85857147,0.86682254,0.8045337,0.8354067
0.95194936,0.975065,0.97632784,0.90023017,0.8091247,0.94417876,0.93196905,0.8511279,0.8112174,0.8120233,0.92649734,0.9008101,0.93834597,0.80808985,0.9793496,0.92317253,0.9212917,0.93721306,0.9314759,0.8740849,0.7936575,0.92247957,0.9029487,0.734305,0.87084925,0.8065057,0.73266447,0.871444,0.8369318,0.81411594,0.8421555
0.9530947,0.95774287,0.9695522,0.90054005,0.83999515,0.9433747,0.9249612,0.85532045,0.82707024,0.81168944,0.9334823,0.9112183,0.92292905,0.8226842,0.96998024,0.93655103,0.92505455,0.9360305,0.9363464,0.89906406,0.82764965,0.93662214,0.90934384,0.75749326,0.89558667,0.81158626,0.74784863,0.8817238,0.8125097,0.82045543,0.8523158
0.95367384,0.95605296,0.97934335,0.8848001,0.80584794,0.94651675,0.92247623,0.843377,0.8283408,0.8038113,0.92925555,0.9050928,0.9260097,0.8194858,0.97648954,0.92122513,0.9288995,0.9304758,0.9345162,0.87822527,0.80365694,0.9412279,0.90021443,0.75229853,0.89123625,0.8060556,0.7648257,0.89143765,0.776618,0.82927805,0.8416334
0.9556374,0.9590387,0.9753389,0.893546,0.8492237,0.94752496,0.9346191,0.85379857,0.8092156,0.7934432,0.9381817,0.9112852,0.93073726,0.83108145,0.9797631,0.91921544,0.9416646,0.9372382,0.94729817,0.88701123,0.8161179,0.9325777,0.8977686,0.7520553,0.89763844,0.7955971,0.7599787,0.87329227,0.75328684,0.8064722,0.849923
0.95243466,0.9721476,0.9805463,0.89812624,0.8694907,0.95141613,0.9371229,0.84603125,0.8280405,0.8048186,0.92092687,0.91601825,0.92072034,0.8153365,0.9739198,0.91712546,0.9426819,0.93243146,0.93566185,0.8574956,0.80647814,0.9351728,0.8866446,0.86780375,0.9057235,0.79878455,0.76099,0.86508423,0.8418705,0.8103821,0.8226058
0.95290935,0.95638746,0.96570903,0.885402,0.82370687,0.9413573,0.9466446,0.8304273,0.8090665,0.78485656,0.9330405,0.90266275,0.91597724,0.86385125,0.97580034,0.90631175,0.9289444,0.93056935,0.93647,0.865987,0.7792711,0.9378421,0.8856296,0.868877,0.9191334,0.8327769,0.7731051,0.8556423,0.8417853,0.8246405,0.84938645
0.9542182,0.9654884,0.9834892,0.8864705,0.81264424,0.94499916,0.9246397,0.84000385,0.8052119,0.80292666,0.9251868,0.89926356,0.9133396,0.8442385,0.97791713,0.9195016,0.93794996,0.9518333,0.9195044,0.8767633,0.812949,0.93219477,0.90368325,0.73238945,0.8789964,0.8150686,0.76688796,0.895859,0.84560055,0.8476607,0.8602239
0.95683706,0.9556942,0.9799217,0.9048797,0.83119756,0.94105434,0.9309314,0.8519989,0.79203147,0.79795325,0.9237582,0.9105707,0.9258051,0.8332991,0.969264,0.9171454,0.9278446,0.93700755,0.9274301,0.87521166,0.7739748,0.94563085,0.90189886,0.8051573,0.8843606,0.81006074,0.7479484,0.86704344,0.78938043,0.832611,0.82484317
0.9498483,0.9531266,0.9823099,0.8963495,0.81949896,0.94790065,0.9380002,0.8530283,0.8169832,0.81037533,0.92192364,0.9005565,0.9307342,0.8599559,0.9571456,0.9168468,0.92328143,0.94240737,0.9359266,0.87823194,0.7978554,0.9394033,0.8833653,0.8532091,0.9010041,0.78934354,0.79058105,0.862912,0.79122305,0.84332556,0.82965064
0.9565989,0.957453,0.9895461,0.89743435,0.82364815,0.9544468,0.9331192,0.84716415,0.81467766,0.7995932,0.90557736,0.90252924,0.9299733,0.8453076,0.9676185,0.92410266,0.9381301,0.93163943,0.93041337,0.87497103,0.7950976,0.9335334,0.90454346,0.84541494,0.8941422,0.7913779,0.791791,0.87673455,0.8613218,0.8088406,0.81192994
0.9501813,0.9492037,0.99292,0.8963005,0.79811674,0.9425616,0.9322165,0.8291888,0.80397123,0.8240082,0.92274666,0.9245632,0.90977377,0.8370335,0.9515568,0.9190196,0.95862216,0.9466559,0.92879426,0.88205177,0.7972452,0.9327023,0.89442533,0.83292246,0.8827851,0.81349266,0.8022581,0.85666263,0.8413888,0.8285498,0.8272088
0.95182145,0.9540939,0.98987883,0.88955367,0.7953929,0.9407582,0.93737924,0.8400159,0.80396587,0.79765004,0.9181684,0.9250239,0.91517854,0.83576185,0.9475548,0.92559826,0.9553316,0.94268656,0.94670445,0.88902485,0.7806835,0.93019575,0.9021438,0.834719,0.8957451,0.8337975,0.8077525,0.86661303,0.7898265,0.8212383,0.8472607
0.95640403,0.9639064,0.9881271,0.9122291,0.80353856,0.9427208,0.93557966,0.8520447,0.77751255,0.7944025,0.91346097,0.9265892,0.92401206,0.8300578,0.9360167,0.9212035,0.9481792,0.9370145,0.9482322,0.8887377,0.77870816,0.93295854,0.8897062,0.8102728,0.9069627,0.7980545,0.769881,0.86663496,0.7807028,0.81537837,0.83076084
0.9610506,0.94553286,0.98395306,0.8999439,0.8086444,0.9455286,0.9158313,0.83432895,0.7990726,0.80324864,0.9160905,0.90271676,0.93167394,0.83249354,0.9413919,0.9192893,0.93812484,0.93357766,0.94666266,0.90262187,0.80834377,0.9348182,0.8989543,0.70608217,0.8970032,0.78802556,0.784862,0.86908,0.8239863,0.8341952,0.820076
0.95197386,0.9495266,0.9930524,0.8902756,0.81496316,0.9402645,0.933589,0.8310944,0.8109693,0.8001614,0.92201275,0.92522454,0.9143205,0.8341183,0.95381653,0.9181398,0.9318813,0.95047224,0.93987465,0.90115315,0.8037787,0.9339848,0.90935874,0.78156716,0.9144604,0.7987968,0.79106253,0.8761445,0.8445987,0.85853183,0.83138645
0.95479757,0.94107914,0.9245206,0.88692117,0.8431056,0.94670916,0.92264307,0.85712576,0.81592095,0.8168438,0.9199416,0.906306,0.93122196,0.82615143,0.944536,0.9175354,0.9378615,0.9465396,0.94817156,0.90614486,0.82116824,0.93533474,0.8972064,0.8097034,0.9084395,0.7967429,0.7633562,0.8796104,0.812559,0.8489665,0.8692428
0.9481176,0.9451447,0.98048896,0.88641244,0.8168524,0.957064,0.92597646,0.8328893,0.7928572,0.80411154,0.9138345,0.91179687,0.90339494,0.800118,0.95965564,0.9128647,0.93428004,0.94236594,0.9272716,0.8877409,0.7931895,0.9416209,0.8857398,0.88139397,0.92005974,0.79370296,0.7854066,0.8808416,0.8615468,0.8347157,0.859386
0.95229036,0.9530109,0.98682916,0.8984488,0.857785,0.94852597,0.9317991,0.82447374,0.82728004,0.7984258,0.9068008,0.90707093,0.91610354,0.81328124,0.98385525,0.91525877,0.94306576,0.9337029,0.9343938,0.87741446,0.78463024,0.9502026,0.89677656,0.87444717,0.9018332,0.8131416,0.7725327,0.8655404,0.85842556,0.85196483,0.8671112
0.9517524,0.9594336,0.9842722,0.8984712,0.83490336,0.9508244,0.94124436,0.84473884,0.8135507,0.80889064,0.91755754,0.9071727,0.9120401,0.82984024,0.9589431,0.9399147,0.93316823,0.94012976,0.9362463,0.8847821,0.83675236,0.9391738,0.8847898,0.7713689,0.91627175,0.7960257,0.7942343,0.8940019,0.8810581,0.8390664,0.8499337
0.96080214,0.95290685,0.9913791,0.8918783,0.82506055,0.95073384,0.93984604,0.8255075,0.8181462,0.8037845,0.91721934,0.91431016,0.9258472,0.8253092,0.9631227,0.938241,0.93608713,0.93985623,0.9429535,0.8774308,0.8032175,0.9383489,0.89200664,0.7766737,0.9028854,0.8012397,0.78126013,0.8783392,0.85912275,0.842692,0.8508874
0.9506333,0.95650125,0.9831894,0.8985694,0.83630776,0.9473869,0.9447269,0.8439165,0.8218627,0.81671286,0.9194765,0.9057218,0.9150422,0.8122343,0.9533283,0.93679106,0.9377779,0.9442684,0.9389243,0.88661087,0.80193967,0.9321654,0.9037562,0.7785211,0.89429826,0.81114566,0.7694897,0.8949996,0.85029864,0.8359232,0.8417412
0.95407027,0.9651171,0.98869497,0.8994125,0.8042231,0.9467683,0.94378287,0.85718185,0.83742243,0.8290663,0.90382636,0.90821856,0.92165136,0.84505033,0.9605138,0.92910564,0.93214774,0.94377625,0.93580717,0.8799821,0.811388,0.9362942,0.9010394,0.76757747,0.8697816,0.7996845,0.7530003,0.8867552,0.86853254,0.83088034,0.84437025
0.9543001,0.9360262,0.9939089,0.9056069,0.8306544,0.9454852,0.9406346,0.8316901,0.81451577,0.8131649,0.91033,0.90242934,0.916274,0.81713444,0.94987047,0.91362894,0.9297655,0.95140576,0.94052887,0.87841797,0.8269042,0.92731774,0.8778031,0.7663016,0.9149648,0.7982659,0.79140294,0.8479248,0.85789615,0.81775695,0.87565494
0.96318716,0.936297,0.9897183,0.8978134,0.8313364,0.9490439,0.921236,0.8231346,0.79998565,0.80545926,0.9200285,0.90236783,0.90841615,0.8390161,0.96678925,0.92589355,0.9216208,0.9379796,0.9269321,0.90348005,0.82799083,0.93271685,0.89311975,0.77264726,0.9160531,0.83558196,0.74043924,0.8671168,0.8565188,0.82647276,0.849704
0.95057225,0.9604237,0.9909837,0.9024796,0.80695736,0.9479949,0.92978096,0.8307881,0.83292365,0.8381263,0.91919774,0.9257927,0.93603116,0.83116996,0.97500646,0.9347476,0.9237592,0.96011317,0.93240005,0.88192195,0.79513913,0.9384481,0.90158004,0.7895473,0.8979008,0.8136071,0.77639693,0.85890454,0.8611483,0.82606834,0.8125219
0.9553409,0.95682245,0.9922718,0.89253986,0.81249183,0.9518373,0.9350482,0.8187307,0.81864446,0.8300772,0.912724,0.9191791,0.9257933,0.8324318,0.9867068,0.9403151,0.9374892,0.95099014,0.920388,0.8883225,0.80253196,0.9359758,0.90340114,0.8739866,0.9172389,0.8247906,0.7619675,0.8502181,0.8429854,0.8384374,0.83324987
0.95068276,0.94357795,0.99157834,0.89330184,0.8105619,0.9474578,0.92968416,0.8447328,0.81302315,0.8101482,0.93624043,0.932612,0.93535405,0.8078908,0.97543675,0.9326446,0.92840993,0.93508524,0.9229768,0.88827294,0.7994666,0.93456185,0.916605,0.8560087,0.92708606,0.82731974,0.74388105,0.87985003,0.83372676,0.8554129,0.84189636
0.96448463,0.95047987,0.9863653,0.8912502,0.8175505,0.9462606,0.932135,0.82390606,0.8236397,0.8100497,0.914927,0.9001433,0.9358683,0.84665823,0.96856415,0.8749231,0.9429938,0.95182943,0.94424903,0.8643159,0.8429308,0.93824404,0.9088809,0.7755239,0.90496093,0.8037052,0.770193,0.8650451,0.87831056,0.7975109,0.8469486
0.9578497,0.9544928,0.993123,0.8826682,0.7843639,0.9443061,0.91546667,0.84442973,0.82597226,0.8264877,0.9209248,0.9038515,0.92154056,0.8249,0.9765957,0.927079,0.930857,0.9352527,0.9317321,0.85341847,0.7845008,0.94828343,0.9120394,0.8819878,0.9358221,0.8296823,0.8239062,0.87522584,0.8736859,0.7882527,0.79608226
0.9545288,0.95822096,0.9935678,0.9038435,0.8246623,0.95098025,0.92293864,0.83612084,0.8088592,0.8051226,0.9201886,0.9193171,0.9313293,0.8197308,0.9777095,0.93116134,0.92132294,0.94532585,0.93736833,0.8861165,0.8231378,0.9514035,0.9023718,0.83335316,0.92724776,0.8280018,0.7841358,0.8728038,0.8640295,0.8411225,0.827966
0.9592603,0.9477997,0.99102545,0.9048956,0.7984667,0.9506128,0.9352705,0.8431523,0.79417276,0.8381454,0.929154,0.92602926,0.9209688,0.8189592,0.9725369,0.9207832,0.94504726,0.9448717,0.9442471,0.88493055,0.81158555,0.94148964,0.9087967,0.88443375,0.9301021,0.825322,0.84605515,0.87194395,0.8773992,0.84400445,0.8552451
0.9545934,0.9350256,0.99501723,0.8954382,0.7758385,0.9555474,0.9332794,0.84300137,0.8012014,0.8153299,0.9138177,0.9115412,0.9181298,0.82827425,0.97450566,0.91855377,0.929941,0.9451514,0.9378411,0.88666403,0.8060782,0.9340096,0.89590895,0.8227863,0.9166235,0.85905653,0.8130957,0.8522325,0.8681958,0.8169028,0.83836627
0.95303124,0.94611704,0.9831948,0.90146965,0.8262628,0.9490899,0.93072605,0.8461585,0.78542924,0.80639786,0.9226721,0.90967923,0.90260434,0.8150383,0.96760595,0.91922,0.9279406,0.9413251,0.92351586,0.88182986,0.8156347,0.9371655,0.9063898,0.84922534,0.9356839,0.836778,0.81170654,0.8666106,0.8415239,0.8230768,0.83631635
0.95376205,0.9557425,0.9897621,0.9184156,0.80656594,0.95507413,0.8881248,0.83861816,0.81276286,0.8266976,0.9084058,0.9222149,0.9235855,0.81779873,0.954134,0.93263817,0.9281854,0.9437366,0.92493445,0.8777551,0.8160461,0.9407255,0.9039818,0.73337436,0.90723914,0.825516,0.7926121,0.8785364,0.8599362,0.82482547,0.81784534
0.94689834,0.949163,0.9751494,0.88617426,0.833231,0.9583326,0.9230806,0.83466816,0.826936,0.8234319,0.9169583,0.9014202,0.9178878,0.80912966,0.95785356,0.91786665,0.9221188,0.9524819,0.92490995,0.8852513,0.8062485,0.93208104,0.9072262,0.7796332,0.92587304,0.8219824,0.8077987,0.8796872,0.847438,0.8188396,0.8609177
0.9535267,0.94964916,0.97626984,0.899017,0.8128951,0.95346016,0.9327995,0.8307972,0.80784,0.8360649,0.9247768,0.9226666,0.90349376,0.8102988,0.98535913,0.9248705,0.92327046,0.9372035,0.9166545,0.8704998,0.81415564,0.93872327,0.90166575,0.87534213,0.91732764,0.83586955,0.8193173,0.8907228,0.8424396,0.8185524,0.8222979
0.95262486,0.96277225,0.98462087,0.8928107,0.82110393,0.9588748,0.93134815,0.8465697,0.7977095,0.797352,0.9102504,0.913779,0.9149363,0.8126019,0.96864295,0.9111209,0.9376887,0.94148135,0.92863154,0.85753834,0.7887381,0.9302562,0.8914763,0.75050634,0.92661846,0.83089155,0.7341194,0.89404374,0.8321521,0.8303576,0.85106814
0.9540219,0.95604295,0.9808127,0.9165987,0.8303527,0.9547136,0.8830848,0.8563454,0.80048996,0.82848305,0.9157922,0.91912365,0.9094694,0.82983273,0.9908169,0.93112123,0.9401789,0.94176483,0.9404684,0.8817344,0.79037505,0.93746185,0.8916534,0.77534217,0.92841846,0.81119907,0.7384071,0.8763753,0.8415745,0.81715894,0.82268596
0.9585539,0.9454008,0.99323285,0.89665073,0.8030765,0.95373434,0.88033545,0.8196415,0.81346077,0.8195784,0.92405057,0.90608954,0.9145711,0.8275439,0.9901547,0.9163515,0.92953986,0.95593184,0.9416146,0.8867208,0.83124083,0.934376,0.9074548,0.7735246,0.9176426,0.79443264,0.7862214,0.883206,0.8449118,0.82550246,0.8665689
0.95276225,0.94202423,0.9902843,0.8938214,0.802772,0.96437037,0.9310042,0.822227,0.80711895,0.8326472,0.9162899,0.903589,0.9166538,0.82497317,0.99708223,0.91918814,0.92539215,0.95308566,0.93202984,0.8618038,0.8211871,0.9291644,0.88456976,0.77092755,0.89694864,0.7916434,0.80435544,0.90161926,0.8345049,0.83632874,0.86115694
0.9515068,0.94315463,0.9899753,0.8850547,0.8358238,0.9428765,0.9494008,0.8428809,0.8015831,0.812225,0.9248635,0.9102295,0.9147761,0.81348884,0.98725253,0.9045744,0.9313772,0.943845,0.9505063,0.8698182,0.8077317,0.9199579,0.91707444,0.7308196,0.88496405,0.80228394,0.78085726,0.9024079,0.80603546,0.82561475,0.8345759
0.9522646,0.954561,0.97277904,0.88784075,0.85817313,0.9458545,0.9299958,0.84979653,0.80251706,0.7984306,0.9264945,0.917166,0.9250956,0.8339316,0.98885393,0.91626215,0.92061734,0.9420241,0.9517897,0.8790308,0.78220713,0.94017935,0.9078674,0.76199454,0.9370119,0.7927772,0.7789974,0.8958547,0.79753864,0.830528,0.84080344
0.95291233,0.9541605,0.99148047,0.9107971,0.8096656,0.96041715,0.926511,0.83619666,0.8007147,0.84765387,0.9110718,0.92408097,0.914671,0.831624,0.9885146,0.9248417,0.91887456,0.9503861,0.93090135,0.8723037,0.7927271,0.9357614,0.9162568,0.8944526,0.9341532,0.8272889,0.8198038,0.8775812,0.8155955,0.84884053,0.8508527
0.9583788,0.93899316,0.9879447,0.91252345,0.8032085,0.9638797,0.9146031,0.84492487,0.7908915,0.85826796,0.90543103,0.9093919,0.9229909,0.84847474,0.99211323,0.92101943,0.9306413,0.9423001,0.9249358,0.84659994,0.8026255,0.9298643,0.9047955,0.86612606,0.93015355,0.81160575,0.7900741,0.8733916,0.8633665,0.8537637,0.8497805
0.9556626,0.9554542,0.98370016,0.87648636,0.82692957,0.9635102,0.9084591,0.83391905,0.81236964,0.82946366,0.92383254,0.9105959,0.9095164,0.82550776,0.99287105,0.9068459,0.9185266,0.92393,0.92667526,0.832432,0.8146392,0.9383192,0.90146863,0.8575573,0.9233742,0.8311554,0.81903416,0.8697197,0.85243285,0.83835894,0.83948714
0.9607175,0.9649984,0.9895071,0.89281917,0.83666503,0.9545076,0.9134393,0.81936055,0.8208395,0.8255746,0.92216784,0.9212517,0.9212702,0.8371645,0.994122,0.9187817,0.9264596,0.9397181,0.93800837,0.87690425,0.81873417,0.93515223,0.8923884,0.73620176,0.91758305,0.82310414,0.8120322,0.89371264,0.8523729,0.8129386,0.8622534
0.9635906,0.9631718,0.9723928,0.90800214,0.82546747,0.96545094,0.9074041,0.83850634,0.8213607,0.8368804,0.908804,0.9338086,0.932271,0.8257246,0.9825868,0.9273404,0.93690497,0.9419856,0.93496066,0.9026476,0.80808866,0.94335365,0.8985133,0.8365123,0.92656785,0.82823575,0.794303,0.8744778,0.86774844,0.80448174,0.86373067
0.9549776,0.949931,0.9900443,0.87614936,0.819224,0.95091754,0.901146,0.83824426,0.83990073,0.79441035,0.90778714,0.9188847,0.91546655,0.80816555,0.9817222,0.9161385,0.9274984,0.9388982,0.92026734,0.8941577,0.7941271,0.9392456,0.8924731,0.7627335,0.9336424,0.786935,0.80100477,0.8849938,0.8693899,0.8167065,0.8241476
0.9499409,0.9512511,0.9776994,0.8951972,0.79321516,0.94230545,0.9410856,0.84368205,0.79274476,0.80598104,0.9253058,0.90699565,0.937595,0.81658435,0.9816347,0.9196456,0.92733777,0.9609903,0.9382091,0.8521271,0.8163653,0.931521,0.9090841,0.73605615,0.89321655,0.82711756,0.81197584,0.90684223,0.84252167,0.833454,0.8487192
0.96234983,0.95669407,0.99457604,0.9057831,0.8183445,0.952165,0.9360955,0.8536224,0.82144326,0.844692,0.92993265,0.91253215,0.9192273,0.8326877,0.9945371,0.92628896,0.9085008,0.9444376,0.93516624,0.8764433,0.81014204,0.9299444,0.9204603,0.7815122,0.88310677,0.8145501,0.8334055,0.8900356,0.85501444,0.8413848,0.8325871
0.9594654,0.95421666,0.99019265,0.8959073,0.81461746,0.9429213,0.939616,0.840702,0.8004564,0.8100112,0.9338643,0.91584843,0.935573,0.84164757,0.9924204,0.9127547,0.9157131,0.9448339,0.9443515,0.8793508,0.8238633,0.9378672,0.9150547,0.82035136,0.89464927,0.83600014,0.7989014,0.89274573,0.87050086,0.8386178,0.8385988
0.9531201,0.9534945,0.9895508,0.90661097,0.8103246,0.95981133,0.9358323,0.83071566,0.78583246,0.8422259,0.9078107,0.91658545,0.9378757,0.8025848,0.97991544,0.9073964,0.92009985,0.9403831,0.92860687,0.8906394,0.8141149,0.93719333,0.9082912,0.8812509,0.9203368,0.81976295,0.79043996,0.8589443,0.8642512,0.8687463,0.8337816
0.9522188,0.9595037,0.99500066,0.9168644,0.83765966,0.9600754,0.9440684,0.8289637,0.79865927,0.7951474,0.93131226,0.9127127,0.9097194,0.8395675,0.9786287,0.9186051,0.9320032,0.94122887,0.9348637,0.86140573,0.7863541,0.94016296,0.89873075,0.88647103,0.9061834,0.824111,0.8059311,0.8683046,0.8601481,0.8565926,0.8509929
0.9499403,0.95765287,0.9904421,0.90241635,0.8080035,0.9231582,0.926136,0.8369253,0.7864355,0.82585514,0.9388632,0.90905094,0.9212401,0.8346245,0.9661778,0.91978276,0.9348426,0.9468255,0.92227024,0.8658718,0.78221965,0.9353109,0.90449727,0.7541133,0.88352406,0.77345765,0.77322626,0.8655817,0.8313686,0.868297,0.85731936
0.94973683,0.9609152,0.9944312,0.8996957,0.8376853,0.9439482,0.93160605,0.8352925,0.83355194,0.8067391,0.91467273,0.9104777,0.9167194,0.8110671,0.9849476,0.9172417,0.910677,0.9318025,0.93664956,0.8837244,0.7203438,0.9356764,0.9143434,0.7910949,0.9015306,0.81433016,0.80312175,0.88100797,0.8611715,0.8518353,0.837973
0.9592314,0.959739,0.995487,0.89559305,0.8259879,0.9516181,0.94328755,0.8501198,0.8252535,0.80157864,0.9162019,0.90624034,0.9187087,0.83672774,0.98309577,0.92431957,0.92771685,0.9331192,0.9257654,0.8753867,0.92005885,0.9318147,0.88326883,0.8052714,0.92152005,0.8202634,0.80982244,0.88533056,0.8621564,0.8437067,0.86090374
0.958063,0.9584942,0.9910824,0.9041111,0.8416553,0.95196116,0.94040537,0.84176666,0.82697964,0.8192967,0.9255712,0.9204262,0.9295109,0.8193469,0.97693276,0.9374839,0.91540545,0.94432276,0.9332932,0.8822844,0.78010625,0.9238141,0.9082901,0.7882582,0.9045969,0.7969526,0.7998603,0.88046336,0.8321249,0.8406794,0.85071635
0.9554641,0.9616103,0.99171364,0.8941887,0.8094558,0.9321038,0.935456,0.8341074,0.8202348,0.790978,0.9071975,0.9080453,0.9218025,0.82737875,0.9673293,0.9083078,0.92529994,0.93520796,0.9131149,0.8683989,0.76712584,0.9343195,0.90000993,0.7701348,0.9127493,0.7878242,0.76621103,0.8886718,0.847453,0.83142877,0.84409636
0.9609719,0.9503787,0.9921511,0.883249,0.81644535,0.93756545,0.9302721,0.8304274,0.8097509,0.8162706,0.9298258,0.9128717,0.9133507,0.82283115,0.9888204,0.9439323,0.9461955,0.93119687,0.9274751,0.8854348,0.79346955,0.9273691,0.9088103,0.8918131,0.93181926,0.8351206,0.79906225,0.8834781,0.8353008,0.8139107,0.838651
0.9672517,0.95099336,0.98765725,0.89888805,0.77728677,0.9503034,0.9345614,0.8134976,0.810749,0.8188874,0.9132777,0.9169234,0.9335469,0.8175488,0.99765223,0.9073367,0.93523914,0.93988776,0.920156,0.87337106,0.7702933,0.9213644,0.89998746,0.789418,0.94076717,0.84238666,0.73136985,0.88767785,0.8449663,0.82900596,0.8907052
0.9586284,0.9577177,0.98642373,0.9037989,0.7975791,0.9545563,0.91602117,0.82585883,0.8422447,0.8014004,0.90824807,0.92903423,0.9370976,0.8131618,0.9963181,0.928324,0.91831106,0.93439037,0.9319535,0.8838705,0.7897883,0.92743504,0.9070389,0.8158303,0.93600523,0.7894606,0.76043826,0.8729029,0.83099955,0.81057596,0.85952544
0.95856154,0.9620461,0.98891276,0.9111241,0.8466682,0.9655299,0.9202016,0.8538424,0.8650025,0.82764804,0.92558753,0.9367147,0.9113897,0.8504226,0.9947395,0.94043297,0.9319315,0.9509024,0.9325517,0.8883603,0.7756404,0.94199955,0.9399069,0.81541723,0.9463348,0.8277813,0.76600754,0.92422533,0.8511864,0.8549937,0.85567206
0.948016,0.9552963,0.9909801,0.897792,0.8217637,0.9360759,0.9408064,0.873919,0.84437156,0.82932943,0.9281928,0.9255102,0.92570746,0.8473118,0.9867789,0.938002,0.93394953,0.9605719,0.9347586,0.8935158,0.81202096,0.9324034,0.9201758,0.75704384,0.90660954,0.82525855,0.8125309,0.91277117,0.8581054,0.8492055,0.86701083
0.9555971,0.9706953,0.9832655,0.89350826,0.8220841,0.93967193,0.9102947,0.84151614,0.79218894,0.84826756,0.9290846,0.9207822,0.9315188,0.8233086,0.9833882,0.8937311,0.93340445,0.9528054,0.9403742,0.8711477,0.76160806,0.92187446,0.91126347,0.7889299,0.9443209,0.8229598,0.77993673,0.9098815,0.8558723,0.88499486,0.8808396
0.95104796,0.9618126,0.98676926,0.89156723,0.83541316,0.9320179,0.87581724,0.8573276,0.78516775,0.79582745,0.930209,0.9086277,0.9144985,0.80074006,0.95703954,0.91883934,0.9244049,0.94030035,0.93979263,0.88109255,0.80870676,0.9356014,0.90606886,0.79331,0.9317608,0.79657257,0.7728176,0.8976532,0.84898,0.84309554,0.8356474
0.9537614,0.9695281,0.9933042,0.9009373,0.8133525,0.91594386,0.88203853,0.83010036,0.8048242,0.8355153,0.92959374,0.9217867,0.92601067,0.80771375,0.9681428,0.9316355,0.9200482,0.95819515,0.9166772,0.88310605,0.77592707,0.92626923,0.88847876,0.77552676,0.9363085,0.79637635,0.8124971,0.87623495,0.85891545,0.8121125,0.8188959
0.95312494,0.9636991,0.9922048,0.8895321,0.8372354,0.89837724,0.9155732,0.8361825,0.7829663,0.80707926,0.9355864,0.9116515,0.91774577,0.8128549,0.9463617,0.9363228,0.92744833,0.9510213,0.9438401,0.88579917,0.8078392,0.92554665,0.9002253,0.78389513,0.9115688,0.80516905,0.7859385,0.8993301,0.83830047,0.8179989,0.83960545
0.96269065,0.98473454,0.99411017,0.90289956,0.84324074,0.8796948,0.91561234,0.8444563,0.7865628,0.8268329,0.9178974,0.916421,0.9200304,0.859982,0.9539998,0.87700367,0.93510914,0.94948655,0.92906415,0.8913833,0.79117435,0.9401433,0.89113754,0.78571075,0.9498146,0.8124489,0.7679833,0.87672347,0.8046368,0.8224504,0.84747785
0.95627487,0.9692859,0.9890208,0.8908176,0.839417,0.9274916,0.9123918,0.8493734,0.7971499,0.80855346,0.89946944,0.9143882,0.92269033,0.81304395,0.96960104,0.93591225,0.9203381,0.9370952,0.92590696,0.89194936,0.7717443,0.92529356,0.89842355,0.8073087,0.9441807,0.8110681,0.7992845,0.86278796,0.8370831,0.81296456,0.8386217
0.9571006,0.9614144,0.99450666,0.9059919,0.8222456,0.9352936,0.92378354,0.8252433,0.8180431,0.8262267,0.9217808,0.92669314,0.9278948,0.81503046,0.9882708,0.9359842,0.92200553,0.9463761,0.91696656,0.8882298,0.77907014,0.9373662,0.9024389,0.8266822,0.909225,0.8145659,0.769669,0.8614769,0.82578695,0.81771004,0.8573024
0.95795727,0.9600929,0.99247664,0.9173203,0.8059342,0.9198785,0.9275714,0.8364956,0.8476439,0.8267618,0.9095342,0.9217147,0.9311725,0.81983304,0.97666484,0.9397372,0.9323438,0.94727385,0.9093016,0.8834116,0.6947799,0.92112243,0.90736824,0.7936061,0.8939241,0.79370475,0.8139411,0.8667141,0.8073379,0.82635933,0.85143226
0.9507313,0.96068627,0.9861529,0.88186437,0.80586326,0.92584693,0.9099845,0.81327236,0.8269149,0.8026388,0.9128491,0.9237655,0.9258732,0.8132029,0.97912455,0.93348134,0.9291105,0.9338564,0.9285758,0.88766956,0.7599517,0.9454574,0.9059634,0.9027546,0.9421487,0.8194079,0.8090401,0.89169645,0.87086827,0.8462727,0.84661007
0.96151346,0.9683485,0.9851317,0.87726474,0.850085,0.9172048,0.92188436,0.807605,0.8064084,0.82951534,0.9420942,0.91100895,0.9136996,0.843465,0.97171354,0.83279324,0.9365969,0.9417087,0.9449566,0.8820016,0.7190388,0.9314508,0.9138581,0.78864497,0.93716806,0.7952027,0.8200346,0.89421797,0.8050515,0.8249756,0.8622515
0.96125567,0.9760492,0.9847458,0.8910433,0.83342856,0.9039036,0.92162764,0.85663354,0.85701096,0.8574437,0.92514014,0.9152763,0.93675786,0.8323252,0.9534119,0.94702876,0.9401617,0.9352039,0.947904,0.8844863,0.77062786,0.9397905,0.9077688,0.7956031,0.93720025,0.83869964,0.80267733,0.87691635,0.87318105,0.8291144,0.853733
0.9493831,0.9746395,0.99045277,0.9108684,0.80365384,0.949408,0.9336154,0.84503657,0.8040457,0.81334543,0.9214144,0.9237281,0.9112694,0.8216487,0.95802635,0.9047547,0.9313347,0.9518754,0.9435562,0.8825818,0.7824351,0.94658184,0.9247891,0.8511739,0.9494741,0.85983425,0.79923093,0.8931733,0.8762337,0.8461923,0.83851844
0.95633245,0.9616879,0.99458706,0.8932836,0.80238336,0.9080186,0.90017384,0.85085744,0.8568317,0.8152981,0.90999633,0.90921825,0.9268102,0.81381506,0.96003014,0.9397773,0.92984205,0.9428313,0.9422004,0.87932694,0.73611367,0.91923815,0.9072516,0.7825596,0.9230999,0.7962475,0.78610915,0.8824533,0.8515173,0.82311684,0.83328027
0.9524492,0.96385086,0.99202603,0.90287805,0.8491328,0.93531245,0.9090271,0.82621145,0.81104994,0.8219993,0.8978039,0.9141702,0.9387246,0.8204968,0.9659089,0.9462601,0.9313882,0.9417049,0.926352,0.9058612,0.73957413,0.93547136,0.9192837,0.8347427,0.8911422,0.80104625,0.7771902,0.8623162,0.8204208,0.8667561,0.84071076
0.95152295,0.9488866,0.99519837,0.90345716,0.8108365,0.9279192,0.92288125,0.84183806,0.7788546,0.84483117,0.9235931,0.91551757,0.93637973,0.81438094,0.95814085,0.9280034,0.9379542,0.9397987,0.9457903,0.8782835,0.73347574,0.93046427,0.901072,0.8142222,0.9045988,0.8280098,0.78239423,0.8921182,0.85877085,0.8156908,0.87406754
0.96046734,0.9757291,0.99428755,0.91067755,0.81116134,0.91243726,0.90959364,0.83338344,0.8240396,0.8560618,0.92149115,0.9265684,0.9265889,0.83445686,0.9624071,0.93988436,0.9431248,0.9500435,0.93637264,0.87555087,0.72595507,0.9362566,0.9126006,0.8224283,0.88855803,0.7944701,0.8117216,0.89053446,0.8568688,0.83241373,0.86139745
0.9470099,0.96286124,0.99379796,0.9089951,0.83687055,0.94641626,0.9260869,0.8467318,0.78390026,0.79016984,0.90599024,0.91674554,0.91617215,0.78542346,0.9616241,0.9268228,0.9108279,0.94562715,0.9380847,0.8820813,0.74763864,0.9272014,0.91530496,0.8196075,0.94261765,0.8014382,0.9018594,0.8638899,0.86744505,0.82388127,0.84341705
0.9518783,0.95195836,0.9907071,0.89597595,0.8032516,0.93467355,0.9241736,0.85719436,0.8262969,0.8105161,0.9247147,0.91075796,0.92267525,0.826493,0.9573319,0.91379917,0.9272414,0.93946075,0.93538,0.8916694,0.75213337,0.925602,0.9001184,0.8072774,0.9336212,0.8210683,0.8343224,0.87211204,0.8382479,0.8297876,0.86290073
0.9577563,0.95091677,0.98816025,0.9040059,0.8125843,0.9102067,0.9146462,0.8294718,0.8156078,0.8294286,0.9201396,0.9186095,0.9331852,0.8141055,0.96032685,0.9054438,0.9376764,0.940886,0.92232555,0.9038882,0.72894865,0.9350615,0.93725467,0.784515,0.9329104,0.8148416,0.7922044,0.87047136,0.8141748,0.81113434,0.849176
0.9526481,0.95096445,0.98646337,0.90023065,0.8088093,0.92278206,0.9220704,0.83268,0.7996812,0.81887585,0.918348,0.8977816,0.92667735,0.8437753,0.9642433,0.9403866,0.9248004,0.9378157,0.942212,0.8801526,0.79034567,0.9451965,0.9247229,0.8367075,0.87752753,0.842287,0.78309727,0.8661835,0.8557504,0.8399699,0.83364594
0.96046185,0.96454823,0.9844115,0.89397335,0.8136027,0.9269392,0.9180622,0.82940894,0.81723434,0.8188255,0.9312887,0.89081436,0.92598873,0.8575562,0.97480655,0.9291357,0.9391028,0.94307274,0.9325124,0.8883619,0.7692002,0.94391775,0.9040033,0.8318404,0.8948199,0.80192995,0.7466688,0.8860822,0.8366146,0.84408957,0.8482689
0.95143884,0.9494495,0.9914958,0.9265252,0.83068776,0.9147636,0.9223607,0.8461911,0.81988,0.83171105,0.91647166,0.93769324,0.93955463,0.8673108,0.96178716,0.93117553,0.9508482,0.9468521,0.93573344,0.8846559,0.76621825,0.9334121,0.9037344,0.841199,0.92864394,0.79014343,0.73839223,0.8581255,0.8313978,0.81922907,0.84178305
0.95237267,0.95530987,0.98420423,0.9120678,0.8359822,0.9243609,0.93034244,0.85028344,0.8183411,0.82277447,0.9188458,0.92561054,0.93650216,0.83629405,0.97473735,0.9363615,0.9237715,0.947687,0.94550467,0.86412346,0.7305634,0.9384549,0.8878644,0.7991797,0.93482983,0.8161628,0.76284236,0.90654296,0.8392671,0.8479359,0.8922445
0.9607793,0.9424259,0.9800528,0.9162861,0.79383934,0.9144083,0.9150364,0.82897615,0.78235483,0.8329568,0.91918945,0.9091063,0.93405056,0.8270124,0.9691722,0.9303474,0.9336006,0.9455757,0.9460252,0.8560827,0.7886486,0.9346895,0.91805565,0.848362,0.9444908,0.7952978,0.7261437,0.8921989,0.86957234,0.83501714,0.8776403
0.95676345,0.9541143,0.9913119,0.9057884,0.8028065,0.9106282,0.9089083,0.8577113,0.81054854,0.852975,0.92320013,0.93206894,0.92917705,0.85569775,0.96662724,0.92705774,0.9446059,0.95072687,0.94342655,0.87351376,0.71855545,0.9530933,0.8981602,0.8594669,0.9508825,0.7900579,0.75244665,0.89607835,0.8613575,0.85216343,0.89176714
0.9604442,0.9611319,0.98610723,0.90322345,0.808209,0.9449595,0.88240194,0.841107,0.809588,0.7951344,0.93765837,0.9031048,0.923716,0.8465283,0.96542126,0.93412143,0.93990594,0.9483886,0.94242716,0.8671973,0.7574748,0.9480909,0.9092748,0.82904744,0.94584966,0.8330033,0.815135,0.8904845,0.8673258,0.83056194,0.85924613
0.95745313,0.95784974,0.988795,0.8884555,0.8266593,0.9241855,0.9180518,0.84398115,0.7886467,0.82056373,0.90611243,0.91241944,0.9126963,0.82754546,0.97887474,0.9390261,0.91529834,0.9470833,0.9358547,0.8771941,0.7845987,0.93768317,0.90706575,0.79232466,0.8908542,0.7850949,0.8081338,0.88998175,0.85355765,0.8471577,0.862288
0.95339566,0.94638056,0.9946659,0.90649116,0.8103379,0.91764456,0.9175966,0.83747226,0.81859064,0.83294684,0.91022015,0.9191557,0.92871034,0.8130384,0.97588825,0.8706648,0.94007593,0.9366995,0.95446867,0.88357764,0.77985275,0.91912264,0.9154076,0.7776302,0.9318576,0.82714605,0.80122715,0.8793614,0.86872935,0.8177398,0.8377382
0.95363545,0.9530095,0.99324477,0.90890616,0.846085,0.92864066,0.9321945,0.82445127,0.80331457,0.80462027,0.90955055,0.9027048,0.9169189,0.8262414,0.9820552,0.9410569,0.92155075,0.94116366,0.93341625,0.9096157,0.7695966,0.9260344,0.9114245,0.88402325,0.93306875,0.8310883,0.8181934,0.8681509,0.84878325,0.8212682,0.87233466
0.95193243,0.947849,0.9933498,0.90484387,0.8026341,0.90332144,0.9149776,0.84357893,0.8134518,0.8017224,0.9200697,0.91019386,0.9331774,0.8377862,0.96057487,0.92871815,0.91654146,0.9425585,0.9367399,0.8643324,0.75429934,0.93795645,0.92079574,0.87005794,0.91308093,0.7942399,0.8833187,0.8673416,0.83682054,0.8071598,0.82953227
0.957061,0.9456805,0.98837954,0.8995608,0.8179294,0.91625834,0.9359969,0.8438434,0.77366567,0.8168209,0.92396265,0.9012834,0.9210592,0.8121712,0.9629518,0.9304,0.91743714,0.95437473,0.9307676,0.8806552,0.750566,0.9410441,0.92768717,0.8289243,0.93623304,0.7935908,0.9028361,0.8871387,0.84603083,0.81741214,0.8860978
0.96211886,0.9575784,0.98444474,0.90445447,0.7730019,0.9265609,0.93563896,0.8570355,0.8014543,0.84017754,0.8996077,0.9173591,0.9250554,0.8152782,0.9722358,0.90649074,0.9272555,0.93780667,0.92758465,0.89062,0.7653647,0.94131553,0.9266392,0.8437663,0.9349451,0.82234436,0.8165478,0.8821293,0.87146294,0.8222504,0.8440938
0.95573205,0.9490273,0.98104703,0.8965058,0.7960728,0.90989304,0.9251234,0.8180722,0.80660045,0.81347114,0.9112549,0.9196596,0.9155554,0.7986892,0.975346,0.92413366,0.9123127,0.95374954,0.9291992,0.8771168,0.8262625,0.9255473,0.91385895,0.8093334,0.86107314,0.84035337,0.8238027,0.88670564,0.8521465,0.8615318,0.8748136
0.9573763,0.9557206,0.9818859,0.89998984,0.8016363,0.91706216,0.916323,0.8190862,0.8028847,0.8530721,0.91207606,0.9115695,0.91798186,0.80933696,0.9750686,0.9245324,0.92951226,0.94808805,0.94283783,0.8835465,0.741606,0.92811346,0.93910104,0.8380791,0.9248144,0.8098746,0.75576746,0.8789724,0.87586886,0.84272236,0.8408123
0.9707206,0.9600362,0.98544985,0.911091,0.8562061,0.88731146,0.9173373,0.8834623,0.89793766,0.81127214,0.92737675,0.90449136,0.94904524,0.85821366,0.9723011,0.86805713,0.9511371,0.9315232,0.9440763,0.8650738,0.8493854,0.9568899,0.90955603,0.85981274,0.9471957,0.82802683,0.8261387,0.89539486,0.88418144,0.85435957,0.8889408
0.96261877,0.96194786,0.982369,0.880665,0.80774647,0.90807146,0.8958881,0.8725821,0.86016536,0.801643,0.92819315,0.91436684,0.9424161,0.81913376,0.9716497,0.92754555,0.9358169,0.9496044,0.9477699,0.88680696,0.7735417,0.94661313,0.9048898,0.75984514,0.94404906,0.82306415,0.7718979,0.89633363,0.85653,0.8692488,0.8750997
0.97262067,0.95483077,0.9864066,0.9148069,0.85466313,0.8860298,0.9291541,0.85243416,0.8372511,0.80351603,0.9245985,0.9307131,0.90917397,0.8661809,0.9650978,0.92927074,0.9330399,0.93928915,0.95174766,0.8919227,0.77386326,0.952665,0.91933614,0.8480158,0.9451967,0.8408538,0.8231732,0.904765,0.9172005,0.8470628,0.8678396
0.9662083,0.957075,0.9786297,0.90914994,0.8129165,0.87948835,0.9238162,0.8666756,0.849377,0.8394715,0.9219746,0.9272909,0.8903961,0.83522874,0.97517896,0.9164506,0.930571,0.9467016,0.94284,0.87586987,0.72863793,0.937704,0.90889066,0.8031097,0.93254185,0.82587385,0.8054833,0.8840824,0.8718923,0.87139666,0.8741477
0.9599135,0.9564174,0.98794746,0.8969219,0.814641,0.87910396,0.91097784,0.8407332,0.8305768,0.8125619,0.91934955,0.9047222,0.9315223,0.82623076,0.9692981,0.929792,0.93168163,0.94866884,0.9403019,0.8948174,0.79310805,0.9578776,0.9130954,0.7935398,0.9329301,0.8209089,0.7801363,0.8825501,0.87422085,0.8062676,0.8267892
0.95479834,0.96278113,0.990725,0.91307557,0.7950931,0.89986235,0.9225941,0.8551966,0.82391787,0.7815384,0.9161911,0.9148879,0.92396706,0.827554,0.9687144,0.8895909,0.9169905,0.94646996,0.92494357,0.8657064,0.73563826,0.94511724,0.8967799,0.79603547,0.93405175,0.807605,0.8023645,0.8766303,0.86685175,0.849511,0.83591956
0.9667963,0.9586297,0.9934765,0.90302235,0.826175,0.926625,0.9097735,0.83047616,0.8232538,0.8281644,0.9133832,0.9125874,0.9404821,0.81454456,0.96739143,0.92071074,0.9241536,0.9382676,0.9389033,0.89356923,0.7691953,0.9433761,0.898039,0.7747617,0.9229961,0.8143491,0.79448044,0.8828973,0.86076814,0.85621274,0.8555064
0.9633774,0.949478,0.9935193,0.91328984,0.78845197,0.9080585,0.9280259,0.8425513,0.82408965,0.83139986,0.9136238,0.91327655,0.92918354,0.81899005,0.9692846,0.93145496,0.9240836,0.9430233,0.9301684,0.8921107,0.7511442,0.94357437,0.9013231,0.88213885,0.9190496,0.8118613,0.81260645,0.8734212,0.8570231,0.83609575,0.85920596
0.95472515,0.9547667,0.98432654,0.9033414,0.8231932,0.92709696,0.92873627,0.8317107,0.8332119,0.81445205,0.9216309,0.91209763,0.93383384,0.83125925,0.96597403,0.91533875,0.9276511,0.93805444,0.9431764,0.89376867,0.7523997,0.94394606,0.91232777,0.80814147,0.8909686,0.82489413,0.7857056,0.8629113,0.8273787,0.8455436,0.8806051
0.9532773,0.95565826,0.994305,0.90022516,0.8495101,0.93019074,0.88482964,0.8300233,0.7913031,0.80300605,0.90066636,0.90262115,0.91999495,0.83137584,0.9733539,0.9242572,0.92713434,0.9325297,0.9488189,0.8842888,0.71508455,0.944574,0.90973365,0.85509974,0.9470826,0.8193982,0.83516955,0.8534602,0.83413875,0.8267241,0.863359
0.95520574,0.94862616,0.9935634,0.89919347,0.85527736,0.934047,0.9310532,0.8488338,0.83221984,0.82310265,0.91560084,0.904078,0.91654557,0.81390035,0.97053427,0.9153075,0.92672753,0.92989534,0.9405829,0.8799135,0.7541453,0.9409226,0.8892611,0.8070114,0.94960517,0.78643364,0.8339418,0.87547046,0.80502295,0.8186567,0.8704004
0.96319324,0.95177585,0.99337596,0.9181329,0.79966646,0.92360246,0.9198156,0.84103227,0.85004365,0.8071949,0.9264539,0.9192099,0.9194946,0.8243816,0.96829915,0.9176428,0.9240285,0.9307299,0.9380548,0.8841245,0.7426148,0.942134,0.92608756,0.8249881,0.93875736,0.8302436,0.8219946,0.87376755,0.8340056,0.81577325,0.85334265
0.9626818,0.96520627,0.9885143,0.9052363,0.8399795,0.91953325,0.942167,0.83289444,0.88432896,0.8529333,0.94377947,0.94660646,0.9575179,0.8430765,0.97274107,0.93177027,0.9328911,0.95798105,0.94880503,0.7972608,0.78789866,0.9347471,0.9276238,0.8143573,0.95816445,0.8679441,0.8202828,0.89902955,0.85313076,0.87675446,0.8700928
0.9569742,0.96880937,0.9874204,0.91693306,0.8187203,0.92850775,0.9328164,0.8798907,0.8774451,0.8467704,0.9201081,0.92941475,0.9402268,0.852573,0.9777546,0.90981734,0.92684424,0.948188,0.94045264,0.9013725,0.7422173,0.938825,0.8983344,0.8000646,0.92112154,0.81547743,0.8381343,0.910735,0.8874823,0.86767197,0.83983046
0.95597124,0.9617682,0.98879874,0.90839386,0.8198027,0.94213724,0.9059612,0.8162644,0.83223844,0.86465144,0.9337564,0.9264844,0.9098889,0.84411806,0.9683048,0.9347174,0.90591854,0.94394386,0.95165604,0.78422797,0.83793676,0.94149894,0.9094924,0.8231746,0.9582396,0.79843473,0.7557801,0.8814612,0.8752822,0.8553445,0.87690556
0.97286415,0.9523316,0.9887099,0.90481234,0.8105729,0.90392166,0.91447896,0.86860573,0.8431811,0.8409817,0.92063344,0.9274079,0.9335262,0.8354278,0.96702695,0.92077553,0.94079894,0.9300725,0.9541784,0.91007006,0.80624753,0.9423637,0.936,0.827735,0.9136375,0.79046154,0.75252706,0.8795396,0.87633455,0.8789904,0.8692368
0.9717119,0.9669058,0.97776484,0.90678054,0.818365,0.9007265,0.910338,0.83620685,0.8174782,0.83738136,0.9428617,0.9075761,0.9320371,0.84602094,0.9811989,0.9252031,0.91718966,0.93572783,0.94575787,0.9138673,0.7445762,0.9374649,0.91914785,0.8333885,0.9230249,0.8341462,0.80868965,0.8944833,0.8880259,0.8486646,0.83592236
0.9652169,0.9676628,0.9769027,0.88663757,0.79086226,0.9029845,0.93979466,0.8272095,0.8079855,0.8142043,0.93096834,0.9292548,0.9245842,0.82607204,0.9797248,0.93249255,0.92419076,0.94031173,0.94157195,0.90378386,0.7448503,0.93256605,0.9294331,0.82131433,0.95681053,0.8090086,0.8021101,0.91681707,0.9226817,0.8789967,0.8317218
0.9718266,0.96176,0.9692604,0.9149039,0.7595404,0.8901391,0.8511004,0.8344848,0.82801044,0.8641087,0.94737136,0.92130536,0.94272864,0.88597727,0.9799454,0.93965584,0.9367446,0.9509026,0.9500905,0.87961555,0.8089301,0.9342893,0.9326038,0.78732985,0.9341181,0.81522065,0.77799124,0.90356845,0.8365954,0.8674326,0.8679843
0.95486057,0.9564827,0.9659325,0.9071339,0.8240222,0.9189296,0.90476584,0.86046964,0.8345305,0.82266426,0.9253788,0.9522425,0.9517417,0.8542469,0.98009,0.9230818,0.9242791,0.9569762,0.9495844,0.8332509,0.78990346,0.9424466,0.9238728,0.86183375,0.95295095,0.86672044,0.77801645,0.8707763,0.848434,0.82944816,0.8580798
0.96261555,0.9663481,0.97618365,0.9088792,0.8306494,0.9085018,0.9010291,0.822144,0.83325183,0.80957174,0.9063617,0.9271865,0.9305294,0.8942254,0.9817733,0.9169143,0.9364342,0.9360899,0.93645054,0.89568955,0.74615526,0.94367385,0.8746319,0.8175875,0.94820535,0.83083147,0.79823714,0.88440937,0.8767328,0.8659193,0.85570484
0.9123842,0.956059,0.9827115,0.9024738,0.7816721,0.9141445,0.91598344,0.81429225,0.8200245,0.83156097,0.90488476,0.9188107,0.9042266,0.8407888,0.977063,0.92619824,0.91360074,0.93230754,0.94265085,0.8849649,0.773297,0.9385575,0.8952916,0.7778795,0.9322657,0.80326116,0.75028074,0.87793875,0.8789396,0.85495144,0.85366523
0.9529425,0.94969743,0.9737003,0.87329626,0.8124957,0.8991589,0.9112531,0.79460305,0.7821286,0.8163788,0.92960405,0.905012,0.9319857,0.80940855,0.9718721,0.91630596,0.93519187,0.9434959,0.9300262,0.8459107,0.7641325,0.9378008,0.90731573,0.7740158,0.9414164,0.7987339,0.7560338,0.86232775,0.83747923,0.82208395,0.826937
0.9586322,0.96361065,0.97022563,0.8800942,0.7757044,0.9282511,0.9191358,0.8348558,0.8383816,0.8084199,0.91817325,0.92317665,0.92948693,0.80984086,0.95744,0.8918915,0.9243376,0.9460144,0.9285194,0.89332235,0.7515718,0.9607518,0.90815383,0.8072428,0.934362,0.82103956,0.79409766,0.8761329,0.86504453,0.8347158,0.8730168
0.9621766,0.9589378,0.97412884,0.89924634,0.84980464,0.9211189,0.90016335,0.8307721,0.84099597,0.8115732,0.9298985,0.9212033,0.94533217,0.8338007,0.9669389,0.91390425,0.9382015,0.9465966,0.9268586,0.8850747,0.72005135,0.93168426,0.9151319,0.8092125,0.94903404,0.816974,0.7813169,0.89128476,0.8366421,0.88573337,0.87033415
0.9578713,0.9438466,0.9718614,0.90265846,0.8649124,0.91059893,0.9251159,0.83125365,0.82916534,0.80747324,0.92770797,0.92564183,0.9383056,0.8253748,0.9600531,0.9127091,0.9379473,0.9423,0.93839484,0.8669086,0.73581296,0.9399896,0.918129,0.8304555,0.9048133,0.8190086,0.8325968,0.9016051,0.82253635,0.8646793,0.8540007
0.9591774,0.9604274,0.9776523,0.91239834,0.8587383,0.9215505,0.90400374,0.841461,0.8190919,0.8377593,0.91566235,0.9193702,0.93219763,0.8154463,0.9745009,0.913474,0.9252965,0.9354117,0.9405293,0.85939926,0.7579745,0.9354019,0.923369,0.83074415,0.9162156,0.8095574,0.8072496,0.8999858,0.83870786,0.8798145,0.89404005
