,0,1
0,-44.44058,21.586807
1,-35.633007,23.463335
2,-38.122078,24.236134
3,-37.862633,19.91588
4,-35.970387,24.45201
5,-32.04607,14.779266
6,-36.997406,21.762066
7,-36.49687,22.29636
8,-37.013,20.716434
9,-40.810005,21.56225
10,-37.02669,27.616596
11,-36.579575,27.18525
12,-34.532055,25.435541
13,-36.04619,-26.81307
14,-38.666313,27.813814
15,-38.243546,28.488556
16,-35.74557,22.836645
17,-34.079617,26.334686
18,-40.91312,16.585629
19,-32.351524,23.056503
20,-39.07796,21.542253
21,-39.29644,18.178925
22,-35.70246,22.524347
23,-32.71463,20.046457
24,-33.09491,27.161184
25,-39.831577,18.123367
26,-43.283062,28.328703
27,-34.038246,24.495068
28,-27.35716,-41.32878
29,-38.33889,26.416813
30,-41.11508,18.881638
31,-23.818205,-17.395348
32,-38.582172,23.677681
33,-34.082703,24.457615
34,-35.164394,24.633003
35,-39.942806,23.265068
36,-32.267124,24.780111
37,-36.359055,24.514458
38,-38.315136,26.802965
39,-38.505314,18.455154
40,-35.152843,24.687977
41,-31.875912,16.679934
42,-38.31443,18.92053
43,-38.013145,16.979193
44,-38.899582,20.123669
45,-37.92355,21.128773
46,-33.097443,27.1071
47,-42.754005,25.273056
48,-30.330704,20.541248
49,-19.408554,25.265228
50,-34.748566,16.280819
51,-35.476433,15.807944
52,-41.016636,24.958157
53,-34.838757,20.0194
54,-35.26309,25.556414
55,-33.032825,18.599707
56,-32.74416,14.167931
57,-34.111214,26.495611
58,-34.19017,22.459087
59,-44.426617,21.623028
60,-35.257774,22.737066
61,-35.486378,26.28211
62,-40.000717,19.005602
63,-35.695312,19.593056
64,-1.6382513,3.9499738
65,-36.695675,27.670052
66,-34.603863,16.335402
67,-35.556976,25.889736
68,-32.2635,20.013363
69,-39.779243,24.710442
70,-33.84528,22.124754
71,-37.317642,25.539139
72,-32.866653,13.829224
73,-36.323524,30.018333
74,-35.49477,21.687866
75,-35.741203,-27.10967
76,-39.506954,17.364199
77,-37.05343,22.720324
78,-43.577354,25.383568
79,-33.644268,24.7201
80,-40.12541,19.07784
81,-38.52597,25.229029
82,-35.677837,-27.197027
83,-30.149042,20.473907
84,-33.446194,18.751093
85,15.276311,-68.492805
86,-26.511332,-40.049618
87,-42.860313,28.099146
88,-41.123283,21.754118
89,-37.033554,23.816938
90,-36.62597,15.776587
91,-39.04166,25.5056
92,-60.678173,5.7484794
93,-59.865993,6.4490943
94,-54.987095,6.763482
95,-60.642307,7.576806
96,-56.839302,9.01946
97,-56.68132,10.187073
98,-58.856373,11.040416
99,-52.754368,7.7340455
100,-54.6389,10.9845495
101,-54.615467,6.5382853
102,29.148195,38.37586
103,-53.81922,5.719874
104,-59.71061,5.9600286
105,-53.92359,8.613431
106,-58.82796,4.491678
107,-56.40316,8.00313
108,-55.65031,6.3397837
109,-55.399178,8.376931
110,-56.14976,9.37725
111,-56.51333,13.925971
112,-61.68388,5.246434
113,-55.432396,9.14142
114,-56.129234,8.289374
115,-57.324474,2.57806
116,-58.118523,5.467323
117,-52.469433,3.6540718
118,-60.454853,6.606648
119,-59.54918,3.8266907
120,-57.22855,2.5100715
121,-55.21276,5.1557255
122,-62.05981,4.6211348
123,-61.565083,4.000948
124,-53.384296,10.088736
125,-52.877502,7.203516
126,-55.129967,8.610045
127,-56.73624,13.618754
128,-59.6786,4.42844
129,-59.949776,12.619529
130,-61.596104,7.2089915
131,-57.703934,6.992012
132,-60.65009,5.308436
133,-55.69553,7.143019
134,-59.479755,7.4400425
135,-54.81005,4.4425116
136,-55.54653,8.579116
137,-56.422173,3.9421422
138,-58.59926,4.242732
139,-56.335617,6.1113048
140,-60.134743,9.4020195
141,-57.868267,7.2774997
142,-61.321297,4.485912
143,-58.171703,9.519026
144,-58.535343,5.3491654
145,-56.7143,13.655042
146,-61.789825,5.9057803
147,-53.956528,8.010045
148,-56.594887,5.534742
149,-57.492554,12.938421
150,-56.618088,5.8342457
151,-63.033535,7.09126
152,-62.19545,6.885907
153,7.428329,35.790833
154,-60.14825,8.091568
155,-58.934437,3.819105
156,-54.82046,5.9500737
157,-56.881958,4.9105067
158,-54.390408,7.7327256
159,-61.543278,4.1453466
160,-57.996582,8.070248
161,-59.75461,7.092911
162,-58.749863,6.3300114
163,-60.950603,8.306804
164,-59.117634,9.14278
165,-57.631523,8.889715
166,-58.663246,8.207889
167,-55.873043,10.204058
168,-63.613262,6.2443495
169,-60.39389,2.8121645
170,-60.333263,3.2756677
171,-58.527378,1.9011368
172,-54.95752,9.422118
173,-62.57459,2.7670667
174,32.75326,45.361202
175,29.286112,41.70685
176,-33.45626,2.5732543
177,33.3446,46.430573
178,33.165047,45.167423
179,-32.218212,1.2577622
180,31.6028,48.912178
181,27.7677,41.19239
182,30.93317,43.268032
183,30.528801,45.007595
184,33.559032,43.267487
185,-33.052494,1.7505115
186,33.20685,46.703968
187,33.021317,45.99215
188,31.106627,47.011612
189,29.795322,46.667664
190,31.975657,45.06834
191,29.580008,45.448067
192,29.492163,43.27228
193,14.421723,34.058575
194,32.806335,47.04431
195,29.889969,43.747875
196,32.159008,45.848335
197,29.593176,42.634056
198,30.480852,43.995594
199,28.519924,47.932274
200,29.979807,48.525833
201,-33.63215,-0.59978765
202,32.663662,42.005764
203,29.295845,46.678276
204,28.642721,43.179306
205,-32.87613,0.52564174
206,32.17553,42.009605
207,32.21854,44.76522
208,31.541641,43.800488
209,-41.183784,16.312773
210,30.286943,47.995293
211,30.233997,44.168484
212,31.89897,41.309002
213,30.57737,40.86085
214,32.398262,46.753304
215,-26.768932,6.666761
216,31.434168,48.424038
217,32.11336,44.501934
218,31.907818,47.05838
219,31.233583,46.2874
220,-31.363102,6.133754
221,26.685234,44.235302
222,29.26002,48.33028
223,28.804234,44.87934
224,34.787743,40.88573
225,35.514416,44.42614
226,-30.045452,5.641896
227,30.562244,42.56478
228,-30.978905,4.2639847
229,37.19463,50.470497
230,34.644444,39.9838
231,34.785748,44.358562
232,26.518085,44.10176
233,35.229565,43.743443
234,37.197296,50.484097
235,-29.361534,6.365097
236,31.115536,48.709587
237,-29.626108,6.9875364
238,-36.985374,18.337013
239,33.442787,47.762928
240,33.978573,40.550068
241,-30.840065,5.791649
242,-29.271906,6.34935
243,-30.552643,5.805139
244,-28.762743,5.308691
245,32.40583,43.47518
246,34.78331,11.270277
247,5.6055074,13.514917
248,5.951897,12.412385
249,7.0118623,-1.8086287
250,11.455744,-38.222977
251,38.862396,-13.3533
252,-1.2270672,55.775253
253,19.65514,45.15483
254,-2.9417453,19.783484
255,-4.1400037,20.882019
256,-4.0442696,18.518093
257,8.227064,1.0413227
258,1.420434,31.545498
259,-2.1394153,21.615326
260,33.390244,31.538479
261,-52.65385,16.418926
262,4.1039243,-7.244208
263,19.279432,-55.44318
264,19.351841,44.845688
265,-3.5653343,17.867807
266,20.408045,45.52992
267,-4.043094,19.943935
268,-52.973904,15.607942
269,-1.8952919,23.927526
270,39.659035,-15.200717
271,32.978767,31.687956
272,-4.6681757,21.399832
273,-4.1484284,19.553982
274,8.895841,10.323056
275,2.3415754,12.707318
276,38.803337,-13.349613
277,35.008347,2.1353245
278,21.469141,-0.86417216
279,22.752432,-17.444405
280,5.3501477,-19.711353
281,0.52864945,16.167015
282,1.7884275,36.300373
283,32.149117,-25.933205
284,5.1856985,12.278671
285,-4.6691346,23.504587
286,19.244184,44.929523
287,15.286295,-33.655205
288,-52.744724,16.289007
289,-2.7530558,20.760847
290,8.828166,10.284016
291,39.300568,-12.975703
292,2.1015642,-4.6662183
293,-3.9086275,20.73054
294,11.1003275,-23.852732
295,4.4205995,36.183865
296,4.7878494,-17.37577
297,0.71267945,-6.433634
298,-55.289345,16.113129
299,5.348315,-19.70879
300,2.0697682,-4.656446
301,7.4385276,-42.09721
302,-1.8262714,23.204918
303,2.4652941,12.87501
304,3.1366887,8.712415
305,-6.1074147,20.873138
306,-4.031089,23.272295
307,0.096658416,-5.3171906
308,18.161228,44.652065
309,5.5197554,11.309299
310,22.274223,-56.533535
311,16.047916,44.261208
312,16.021955,44.24858
313,9.129775,0.80749905
314,-4.966784,20.249052
315,-4.7897415,19.684011
316,-1.8919346,23.346308
317,0.7666463,-5.9320745
318,-2.46366,19.066885
319,12.181355,-30.758179
320,19.917046,45.307297
321,2.326598,-6.823376
322,20.027231,-9.917318
323,-5.5540686,19.327265
324,4.987271,6.8150153
325,32.91564,31.711002
326,-6.3010087,19.297468
327,3.4282637,-4.3971276
328,22.238363,65.050156
329,18.673605,67.594086
330,15.413288,62.593918
331,20.518593,62.939453
332,19.23892,64.77196
333,22.016209,64.280396
334,17.198051,61.327053
335,17.652573,62.635757
336,15.352217,62.47595
337,56.52606,7.1860204
338,14.168876,61.87123
339,22.474985,63.848804
340,17.200655,62.357815
341,31.198475,32.27742
342,15.769633,62.071487
343,20.12515,64.374214
344,18.155321,64.13709
345,17.322138,64.47178
346,17.77083,60.371975
347,22.713076,66.821434
348,45.28122,15.172155
349,20.415129,59.71581
350,56.526455,7.1820474
351,17.714525,65.808136
352,23.755112,67.69314
353,15.741847,64.03771
354,21.1175,62.13909
355,21.254362,61.994762
356,17.765133,64.04908
357,16.371202,65.01344
358,17.24088,64.29267
359,-18.694172,-5.1102605
360,18.630953,61.67861
361,17.542036,63.064587
362,15.4187155,63.607403
363,16.462128,63.132805
364,-2.4694712,57.49023
365,-3.055192,57.740505
366,-4.0498233,62.765118
367,-7.9679832,50.245308
368,-7.8113437,51.849503
369,-11.483056,57.010906
370,-9.5446205,55.34633
371,-3.9806354,59.078785
372,-10.941156,46.902786
373,-5.524543,57.38036
374,-10.586878,55.939495
375,-2.7167056,61.41891
376,-6.5879054,55.43757
377,-4.928314,63.60944
378,-11.766161,51.032238
379,-12.239629,57.977264
380,-10.400619,60.601112
381,-11.220028,55.731396
382,-9.586442,56.23577
383,-5.3991327,50.30596
384,-4.232378,59.638344
385,-0.9202783,48.666218
386,-4.7530622,54.03534
387,-4.6592584,61.942535
388,-6.0440803,57.562157
389,-8.304311,54.8518
390,-11.323604,61.060413
391,-4.914373,50.096104
392,-2.5505996,56.758698
393,-5.1786036,15.456822
394,-4.6637073,54.334415
395,-5.978538,50.53878
396,-4.6439037,54.35234
397,-6.019475,57.420864
398,-7.6581993,53.08744
399,-3.567557,14.76455
400,-10.667113,57.296772
401,3.5053568,43.33405
402,-11.661499,51.26544
403,-9.887317,58.056572
404,-10.063788,58.73386
405,3.745149,16.429146
406,-3.323541,58.104156
407,-10.672445,49.948677
408,-8.229806,55.11999
409,-9.257275,60.10415
410,-10.186307,59.701946
411,-7.0565205,49.46974
412,-9.523693,53.188652
413,-7.46533,55.9436
414,-2.0398417,51.71532
415,-52.507668,-21.063896
416,-5.6125655,53.250324
417,-12.579092,48.853786
418,-11.261596,53.66088
419,7.5180798,40.102352
420,-11.42712,59.77747
421,-6.7183075,51.327984
422,-11.063508,60.840694
423,7.890571,26.849125
424,2.8484719,54.97408
425,3.7525904,16.360447
426,-8.760564,54.78239
427,-7.574319,51.812935
428,-9.945488,50.22966
429,-5.0837173,62.844616
430,-8.360058,48.62388
431,-8.993847,47.029873
432,-8.963876,56.500095
433,-50.578587,-23.254742
434,-4.542015,63.02799
435,-6.594999,64.334915
436,-51.876137,2.3615468
437,-6.012154,63.311523
438,-12.872823,48.81347
439,-10.547612,60.02891
440,-2.6937387,58.747257
441,-3.7570925,63.76831
442,-3.0332272,59.14086
443,3.7193582,16.512175
444,-9.314512,53.36055
445,-9.102545,50.9599
446,-7.665042,54.551548
447,-2.5664122,56.641808
448,-59.01327,-20.807934
449,-10.558536,38.13961
450,-8.229999,50.90962
451,-5.8041115,62.237118
452,4.410445,1.2826798
453,-11.088356,57.075554
454,-4.1079254,49.522087
455,-4.103067,53.263466
456,-5.589279,53.850075
457,-2.8326018,51.91815
458,-26.06186,37.296036
459,-21.116276,29.025732
460,-21.147007,21.438982
461,-23.078222,27.278683
462,-22.174128,27.310432
463,-24.21516,31.513037
464,24.22277,9.734513
465,-26.083176,37.31847
466,-20.163511,26.645618
467,-22.666098,32.66836
468,-23.978876,24.455235
469,-20.475094,29.698555
470,24.568388,35.53705
471,-23.165258,32.614826
472,-28.193052,31.455349
473,17.36223,-26.395195
474,-22.25166,30.938898
475,-21.33901,32.453415
476,-21.143486,34.99948
477,-23.07408,35.951797
478,-27.218637,25.838446
479,-21.78325,26.32383
480,-23.837528,-15.494079
481,-21.339008,32.453438
482,-20.546001,29.569756
483,26.37258,31.307436
484,-8.909132,-31.234686
485,-21.76248,32.95514
486,-22.535704,37.40591
487,-25.36044,25.290676
488,-21.453007,27.349466
489,-22.331285,32.355213
490,24.543274,35.54364
491,-23.813593,30.277737
492,-26.367224,32.18097
493,-25.092764,27.86891
494,-22.78902,31.212458
495,-20.834562,28.111555
496,-23.159376,25.568493
497,-20.083761,28.07237
498,-24.4637,26.786686
499,-25.534845,32.65667
500,-24.857561,30.525024
501,-22.73076,29.575062
502,-26.201014,31.010662
503,-27.307886,38.09446
504,-22.727272,29.63746
505,-21.605074,30.267187
506,-25.115734,33.67558
507,-25.154253,30.531296
508,-7.599569,-27.059769
509,-21.999352,33.03205
510,-21.137257,21.437801
511,-23.347017,26.819393
512,-21.152306,21.454414
513,-26.872292,26.29214
514,-20.412937,30.806211
515,14.329555,36.593784
516,-12.671474,34.845833
517,-24.519966,26.328571
518,-19.065199,28.067577
519,-21.349615,31.232536
520,-21.354773,30.83009
521,-20.33188,32.41882
522,-23.053988,33.459007
523,-21.810476,32.053196
524,-20.422508,31.352036
525,-26.924078,32.36491
526,-23.636284,31.561857
527,-17.905546,35.38156
528,-22.53933,37.223324
529,-7.9045286,-31.180098
530,-19.276583,31.333942
531,-20.639421,30.434305
532,-22.731684,27.624924
533,-23.466076,28.446463
534,-27.988024,28.922192
535,-22.719595,25.986877
536,11.460377,20.177221
537,-21.721947,28.656378
538,-26.877972,26.519732
539,-24.157078,31.994375
540,-23.97397,29.359228
541,-21.132896,34.990555
542,-21.798567,31.269993
543,-22.116383,27.465088
544,-27.471556,29.551954
545,-22.998247,29.382692
546,-22.42708,25.508436
547,-28.058456,31.399906
548,-25.438925,29.471186
549,0.4631084,39.088074
550,10.7212105,16.104591
551,13.964007,13.0992365
552,12.091034,10.931662
553,12.760161,-9.400851
554,13.057029,14.284923
555,9.564194,-12.585113
556,-12.12662,29.148417
557,24.54257,31.9609
558,-10.957495,-27.48255
559,12.22219,11.947046
560,24.295094,31.899973
561,10.475835,14.217876
562,13.403252,16.008816
563,12.025773,13.512172
564,7.757934,4.5155554
565,11.954487,15.466836
566,13.767841,12.914968
567,-16.021254,-1.5774769
568,-15.371973,32.65446
569,-3.9480958,-4.4384475
570,12.652223,15.681444
571,25.076824,-56.03718
572,10.893863,11.871885
573,10.457511,15.388053
574,0.752629,39.15414
575,17.048283,52.44749
576,16.978733,52.4406
577,-28.984987,-46.48124
578,-63.451927,4.527231
579,-6.7647963,-12.740641
580,12.343853,15.802701
581,12.4538355,14.773594
582,14.953316,57.37057
583,37.515987,-34.68474
584,-13.618333,29.746061
585,-6.055956,-26.476599
586,11.477023,6.1982875
587,17.596668,15.649231
588,-0.07480361,7.3675537
589,8.983808,13.288159
590,0.17544584,25.453873
591,-28.99342,-46.48807
592,12.538351,13.35407
593,15.633507,-29.073824
594,-60.0852,0.8719344
595,44.88295,14.973059
596,-17.800812,24.284628
597,11.639176,5.6552153
598,17.180803,7.3009944
599,11.632411,14.745334
600,-60.628975,-0.026990613
601,12.171694,3.8037412
602,-13.692397,30.033901
603,-28.72901,28.59635
604,5.1750603,-22.1256
605,-16.260647,-1.5147209
606,-19.774532,-24.829798
607,10.132684,12.513121
608,31.73923,11.022864
609,24.838568,-54.589523
610,-0.5343277,16.665234
611,-13.8955,27.90468
612,9.393693,15.78862
613,-22.570396,22.702469
614,31.474365,-39.403236
615,44.11738,14.606503
616,15.637871,-36.888412
617,3.091585,-64.2207
618,48.069798,39.78504
619,15.1886215,-9.922098
620,-62.99554,2.2569604
621,-15.227996,32.97946
622,-15.411935,-12.746011
623,10.025812,12.517007
624,31.264647,-34.898624
625,10.671842,-41.874462
626,33.940132,-30.884237
627,1.3544395,15.448996
628,46.466167,10.049457
629,48.057785,39.797176
630,31.279007,-34.939754
631,16.47538,52.414623
632,30.156584,-18.423756
633,-61.66343,2.2529671
634,28.292425,-19.578089
635,-13.657225,30.497498
636,-60.88358,-0.7005627
637,15.452817,44.293503
638,10.2720995,15.434207
639,10.654395,15.095441
640,36.8813,-34.915142
641,51.487534,10.64063
642,-15.875706,-1.6360728
643,12.553387,12.129634
644,-15.112806,12.705883
645,10.351236,12.833601
646,-4.40346,-9.443532
647,-44.269444,-14.359468
648,-3.2726169,-15.499743
649,-43.88176,-14.564584
650,-3.236978,-15.530789
651,-39.989693,-24.696041
652,-45.207855,-10.240801
653,-38.11573,-21.273237
654,28.562868,-23.798052
655,-8.107798,-16.052183
656,-45.207962,-10.238724
657,28.56526,-23.813173
658,-40.462807,-18.818863
659,-39.97871,-24.687422
660,-40.46277,-18.818836
661,-24.67017,-16.229256
662,-3.2663743,-15.501896
663,-40.156887,-26.29854
664,-43.88194,-14.564578
665,-48.502857,-13.456395
666,3.368558,33.778965
667,-42.463856,-13.263439
668,28.584402,-23.758999
669,-5.004842,27.514671
670,-3.474942,26.1566
671,-4.3715663,-9.387931
672,-37.66089,-21.501085
673,-10.281719,-19.78818
674,-44.616676,-16.425472
675,-40.46277,-18.818836
676,-48.647285,-13.608985
677,-64.91719,4.0923753
678,-31.638319,-25.716162
679,-10.281716,-19.78838
680,-5.879752,-7.87976
681,28.87019,-17.098003
682,-24.92422,-16.56464
683,-48.46344,-13.396872
684,-8.127583,-16.041773
685,-3.2418423,27.822712
686,-8.107798,-16.052183
687,-40.46277,-18.818836
688,-26.859354,-21.843279
689,27.267916,-34.998528
690,29.901793,26.772018
691,-41.36632,-12.122343
692,-41.1199,-16.19972
693,-43.10315,-19.655851
694,-6.0831294,-7.084069
695,-1.5122627,27.593307
696,26.368475,-24.720913
697,5.4388757,-16.30014
698,4.2258105,-15.495565
699,-48.9447,-13.962955
700,-9.21355,-23.053034
701,-26.860216,-21.843199
702,-23.992805,-28.27119
703,-2.577385,28.7917
704,-55.351074,-6.76556
705,-8.048144,-18.104973
706,30.04048,26.850042
707,-31.638319,-25.716162
708,23.742203,-34.667683
709,-42.44103,-13.324408
710,8.706328,-25.216782
711,-45.674652,-43.99903
712,-44.55409,-16.286594
713,-1.26445,29.075232
714,-26.859344,-21.84308
715,-40.156887,-26.29854
716,-0.42223966,27.999834
717,-10.281713,-19.788471
718,-43.119072,-19.64343
719,-4.7584777,28.28987
720,13.42268,-43.205135
721,-41.117672,-16.227684
722,-26.859928,-21.843203
723,3.0807111,6.2227764
724,-41.86953,-6.5427628
725,-8.048144,-18.104973
726,-37.661087,-21.501064
727,-1.5010287,29.044352
728,-2.4131844,29.737856
729,0.32197475,27.595562
730,18.85041,8.671021
731,-2.976134,28.194866
732,-45.674652,-43.99903
733,-28.094316,-22.72332
734,-31.681421,-25.529043
735,-9.204725,-23.06008
736,11.313507,3.09547
737,-40.85777,-14.848004
738,-26.196423,-22.119236
739,-24.921028,-16.574877
740,-28.74433,-23.136822
741,29.441088,29.642675
742,-42.647137,-13.387922
743,16.470047,17.505072
744,-40.56379,7.1161385
745,-42.00941,6.6474795
746,-17.015676,-4.5781426
747,5.687458,-5.331122
748,-7.575587,-41.695683
749,37.235092,-23.282875
750,-7.488386,-37.04017
751,-5.8885837,-42.339844
752,33.215717,-9.522863
753,22.845234,-9.933699
754,-1.616602,-42.106068
755,6.9375706,-0.94204146
756,9.86675,-1.7288023
757,11.448073,-13.988772
758,-39.367386,5.236749
759,27.670135,23.762928
760,28.020021,23.923592
761,25.136442,1.4309396
762,-8.230251,0.90663403
763,6.776283,-43.46359
764,-3.8692834,-36.915615
765,26.388428,23.133707
766,-7.7426796,15.786377
767,5.6873984,-5.331137
768,-60.011555,-7.764003
769,-3.8515594,-43.976368
770,-3.7176604,-38.22017
771,13.191515,-20.885027
772,-2.0166514,15.1665945
773,28.73486,24.198072
774,15.729359,-32.287464
775,7.0301485,-0.4065849
776,-7.182659,-42.10579
777,-7.057222,-38.74521
778,-42.733517,6.1912107
779,33.77821,-9.897346
780,13.137243,-20.899319
781,40.100094,-8.461746
782,-2.8875768,-36.315422
783,1.1328425,43.92872
784,19.741646,-42.959316
785,-2.263635,-38.770847
786,-60.043785,-7.765319
787,15.620912,-20.892948
788,15.631391,-20.954659
789,-5.010981,-35.869347
790,-4.301108,-36.470432
791,16.475517,-19.250322
792,-3.6904054,-37.791534
793,-4.328039,-40.519505
794,-40.584904,7.1953945
795,30.523373,2.8248422
796,-5.8155055,-42.275574
797,-5.9078045,1.3633729
798,33.960724,-10.221838
799,9.811814,-1.8952706
800,-40.486237,8.21964
801,-7.995672,-41.572765
802,0.99852645,-41.124943
803,-56.797276,-0.15250005
804,-59.96475,-7.771923
805,-7.0272436,-38.190468
806,11.4654255,-13.979131
807,-7.4757676,-38.931046
808,5.2417965,-3.2546518
809,37.23432,-23.31528
810,11.316239,-21.627249
811,-10.873241,15.961824
812,26.935968,23.280857
813,-6.5451174,-39.50361
814,5.687458,-5.331122
815,15.0397625,-22.028852
816,12.335891,-14.049279
817,-8.727034,-36.85264
818,-0.24929951,-0.100654066
819,16.103842,-21.170599
820,11.30213,-21.649862
821,-3.8889828,-38.437946
822,-40.65552,7.352673
823,-42.733517,6.1912107
824,11.450133,28.334219
825,17.857216,29.239578
826,11.937808,20.702354
827,17.14025,33.32231
828,20.10731,26.71538
829,12.467134,35.110306
830,11.985459,30.866438
831,10.028955,26.65327
832,10.410961,29.679386
833,21.809877,29.51576
834,48.211353,-13.978805
835,9.054658,29.117014
836,10.441391,27.607298
837,-14.3197775,-9.318932
838,21.783258,29.346395
839,10.383216,28.755796
840,9.649723,30.227612
841,8.593224,32.039467
842,13.389884,26.503187
843,10.451828,27.290596
844,20.550278,36.04405
845,19.292664,24.664812
846,15.134129,26.380623
847,16.944643,31.305431
848,12.8983965,27.492641
849,19.439514,31.341866
850,9.422032,26.457428
851,10.903275,28.019062
852,19.759132,36.154995
853,9.464545,31.710882
854,16.933609,33.94543
855,47.480057,-13.068169
856,15.787418,27.034414
857,17.749393,28.825693
858,13.091816,29.744173
859,9.779601,32.23314
860,10.426996,32.92787
861,14.941674,28.082008
862,10.7174835,25.030807
863,8.550648,28.427946
864,14.712944,30.829561
865,11.348221,29.65208
866,12.333503,32.254185
867,18.956223,30.340923
868,11.729738,37.591167
869,16.557882,26.103058
870,23.056204,27.039995
871,11.498669,27.600565
872,47.858963,9.692829
873,13.677996,25.541939
874,12.286994,25.9378
875,10.25583,30.738684
876,22.289068,31.777933
877,12.658057,28.381968
878,16.632454,26.199812
879,17.458551,28.19828
880,13.990186,26.31819
881,17.98306,31.889154
882,16.096172,24.764889
883,12.089423,20.81514
884,15.761624,30.321457
885,16.633474,34.89746
886,11.138705,27.949978
887,11.394782,25.840923
888,14.487842,33.228172
889,9.0546055,30.853569
890,19.730347,36.17482
891,48.827038,-12.952865
892,14.4226,32.149834
893,9.802109,36.213818
894,11.627172,26.701616
895,14.066604,29.10239
896,19.913687,25.441345
897,12.069528,29.095045
898,20.025051,25.804781
899,15.780089,24.782452
900,21.836535,28.953207
901,20.535515,36.04865
902,16.944643,31.305431
903,20.021933,23.889542
904,10.920254,33.7252
905,9.18468,29.781923
906,8.423538,30.465746
907,12.147023,31.885025
908,10.970891,38.36742
909,16.238173,29.053171
910,12.095074,30.319683
911,14.539876,31.649097
912,46.63271,10.017593
913,14.348758,24.816256
914,15.187604,30.767332
915,11.00498,27.28719
916,9.346813,19.259995
917,14.407688,24.339132
918,9.298728,27.764706
919,4.304566,26.391653
920,12.47977,25.09999
921,13.632787,28.005392
922,17.611053,30.977182
923,-6.497661,38.7373
924,-6.997005,36.59656
925,-3.2368066,38.295303
926,-8.580425,34.20795
927,-8.126146,37.66631
928,-9.538843,33.94474
929,-3.730756,38.0006
930,-4.3028083,37.432606
931,-3.9172158,36.93243
932,-8.61511,40.717514
933,-10.684995,35.73125
934,-9.6491165,34.829586
935,-1.8781751,40.048244
936,-0.96794754,31.302038
937,-6.6744847,37.695637
938,-5.2114687,40.00589
939,-10.919488,36.006752
940,-6.921413,40.00995
941,-9.455909,34.31833
942,-4.0801516,40.165447
943,-4.9647374,29.926964
944,-7.5300503,41.47733
945,-3.5160491,41.197586
946,-8.17974,35.92365
947,-3.0669675,37.89214
948,-6.739231,41.18369
949,-5.676338,36.946434
950,-11.501769,35.719757
951,-6.779957,34.60043
952,-9.588043,41.080257
953,8.700303,-68.72471
954,-7.05026,37.59052
955,-24.049845,-10.582664
956,-4.045699,39.265045
957,-5.457037,38.065426
958,-10.73439,36.550934
959,-7.3737717,36.486103
960,8.962138,-69.094154
961,-13.012606,44.022728
962,-9.504956,33.984043
963,-6.298409,43.123043
964,-5.6299567,34.82626
965,-1.8655919,35.307377
966,-7.9978485,35.950336
967,-22.29736,-5.7793803
968,-2.356187,36.078896
969,-7.4627967,38.686264
970,-1.152732,42.906647
971,-4.725566,34.405785
972,-6.103331,35.503315
973,-7.055898,35.885014
974,-3.4871657,35.793102
975,-8.762815,37.18576
976,-5.065987,38.984333
977,-8.004376,34.797092
978,-0.27449292,60.20292
979,-1.152732,42.906647
980,-11.558487,39.717674
981,-3.640268,25.78876
982,8.266663,-62.922638
983,8.5067835,-6.9404883
984,-9.318292,39.404415
985,-2.2539098,38.072075
986,8.871198,-6.863707
987,-3.7287521,34.52205
988,-5.4963894,43.85765
989,-7.557173,39.54871
990,-9.218984,34.64484
991,1.2515274,36.13269
992,-3.9032958,42.46435
993,-12.24524,37.033752
994,-5.129408,34.804844
995,-6.5150423,30.906017
996,-5.8183894,39.46014
997,-6.343254,43.027267
998,-6.8711395,64.72444
999,-5.273248,35.7233
1000,-7.6138353,34.905865
1001,-1.975022,36.243416
1002,-1.4981381,40.186054
1003,-3.2777288,31.124216
1004,-9.9409,43.388947
1005,-3.4250138,46.394787
1006,-6.1627407,33.673992
1007,-1.152732,42.906647
1008,-8.090678,36.061066
1009,-4.8297243,36.0979
1010,-5.1303873,38.025646
1011,-7.4758635,41.355034
1012,-2.825266,39.017254
1013,22.629559,11.961534
1014,-2.6594205,34.212868
1015,-7.7656527,44.674297
1016,-3.0902824,37.963886
1017,8.583832,-69.09858
1018,-9.14509,36.271088
1019,-4.57843,30.25649
1020,-11.716486,40.67366
1021,-3.8968842,42.279613
1022,-1.613797,43.63836
1023,-21.145374,54.338448
1024,26.758787,-15.44252
1025,-41.375214,-5.621386
1026,-19.82635,52.742992
1027,4.3731184,34.381832
1028,31.910719,-15.967642
1029,-41.442585,-5.7280645
1030,-12.368558,-14.967288
1031,-19.111668,39.505783
1032,27.884687,-16.280313
1033,34.08092,-54.034424
1034,29.675198,-15.266022
1035,-21.144325,56.62521
1036,6.054724,-16.305174
1037,-25.829464,-29.300278
1038,-24.681835,-25.449163
1039,27.639563,-13.003328
1040,-3.946185,-15.309072
1041,-63.64537,16.085768
1042,-20.751059,54.795826
1043,29.675198,-15.266022
1044,3.7942066,34.572395
1045,27.07784,-14.110022
1046,-33.568737,10.287335
1047,3.3462005,35.006214
1048,28.258308,-14.800022
1049,26.42511,-16.256866
1050,-20.762941,54.52716
1051,27.172997,-13.898791
1052,27.080847,-14.110713
1053,29.127619,-13.100783
1054,-34.87155,8.838893
1055,29.675182,-15.266204
1056,-27.026514,-27.178965
1057,-21.156046,53.12054
1058,29.675198,-15.266022
1059,-16.265789,40.097866
1060,-16.648727,42.767605
1061,6.5260425,-16.29057
1062,24.608492,-15.674265
1063,32.009888,-15.8977585
1064,-18.087278,39.523857
1065,-15.434971,42.23398
1066,-20.393219,53.159084
1067,30.62646,-11.728887
1068,3.0092063,10.134233
1069,-22.08132,-26.723484
1070,-27.031576,-27.227509
1071,27.884573,-16.28032
1072,-25.79785,-29.29912
1073,26.666382,-15.055122
1074,-21.189371,56.643055
1075,-24.732504,-25.361078
1076,-27.849733,-28.158794
1077,27.884363,-16.280241
1078,18.883598,-10.037282
1079,-22.074266,-26.712755
1080,-34.19913,9.846638
1081,-16.163977,40.561504
1082,31.989222,-15.827062
1083,-19.401667,40.72052
1084,-28.07057,-17.085087
1085,-27.519293,-16.058638
1086,-34.368435,9.638026
1087,25.374758,-14.704964
1088,-18.681583,40.19129
1089,-25.939924,-14.028028
1090,-28.479752,-17.477371
1091,-15.948704,39.613094
1092,-18.399158,39.87349
1093,-16.44579,42.01934
1094,-27.917065,-16.60272
1095,27.080313,-14.110854
1096,-16.564835,41.882973
1097,25.985437,-14.099469
1098,-21.514872,57.108864
1099,31.485914,-16.720848
1100,35.95857,-57.92668
1101,24.22633,-13.248848
1102,-20.584314,53.27844
1103,30.996983,-12.626768
1104,-34.97874,6.2144527
1105,-27.027172,-27.179502
1106,-25.22245,-20.1254
1107,-28.365856,-17.350672
1108,4.780436,34.251007
1109,-34.978455,6.2144485
1110,-20.90657,56.404488
1111,30.581158,-11.993067
1112,29.336561,-13.369758
1113,31.98921,-15.827067
1114,-18.214571,41.670097
1115,-24.622114,-25.99304
1116,1.6883649,9.048705
1117,-27.519176,-16.058655
1118,32.854557,-15.913298
1119,-1.615943,34.172314
1120,-17.177116,40.42879
1121,-17.889927,41.464996
1122,-27.424967,-27.726786
1123,32.821976,37.653614
1124,26.85662,-3.1611195
1125,-40.63236,-48.443504
1126,24.081223,-4.0399637
1127,26.96577,-2.3625047
1128,32.895977,2.4800541
1129,36.115402,-26.788322
1130,-0.28605935,43.38468
1131,24.906689,-32.460316
1132,5.569128,-11.089534
1133,28.905167,-3.543444
1134,25.786087,1.123254
1135,27.420359,4.710293
1136,24.1314,-4.11541
1137,24.46402,-4.7270837
1138,27.62589,6.3524914
1139,26.806158,-4.376745
1140,35.04067,-6.903035
1141,24.348331,3.1827514
1142,7.603204,14.625974
1143,11.103027,8.656542
1144,30.181816,-6.1877303
1145,50.751324,-16.283468
1146,26.227064,2.6133862
1147,26.813562,0.5120113
1148,37.565968,-5.5336685
1149,27.408237,-2.768498
1150,10.798141,8.617992
1151,24.137352,-2.0865226
1152,26.842041,0.70887655
1153,31.751083,-0.85540277
1154,30.525394,38.365925
1155,33.576786,11.365591
1156,21.935818,-4.7980614
1157,6.018603,-33.8867
1158,29.35317,0.4682732
1159,25.843487,-8.17289
1160,25.913881,3.331694
1161,16.924719,-39.459
1162,-1.0046074,-7.8468494
1163,-18.2046,9.586231
1164,31.209263,-0.49200022
1165,-23.232735,-65.0735
1166,22.995102,-5.9511733
1167,32.00107,-1.4004766
1168,29.192589,-5.747117
1169,27.12161,4.3312573
1170,-36.83857,-22.488018
1171,10.405588,-7.294695
1172,24.622839,1.2121964
1173,17.972439,-28.080462
1174,30.53843,1.8171957
1175,4.567062,8.99832
1176,-26.558609,-25.556204
1177,-9.047583,-1.4392446
1178,32.60432,5.4499097
1179,28.375742,0.019557768
1180,6.8501234,22.428938
1181,23.04141,-5.965106
1182,32.24917,-2.5558012
1183,26.670681,-4.0373335
1184,-23.230812,-65.073456
1185,25.797516,2.861488
1186,31.427938,1.9695377
1187,29.937647,-1.163547
1188,28.27257,1.6034669
1189,14.736367,-41.043137
1190,-19.522064,-50.521523
1191,27.77518,-6.6410527
1192,36.3048,17.378366
1193,-14.682311,-5.319574
1194,26.310844,3.0606728
1195,26.869728,1.970014
1196,30.533648,1.9699349
1197,27.267319,3.2873423
1198,32.53821,-1.0243154
1199,37.563908,-5.5351877
1200,32.606514,5.455039
1201,3.8319328,11.910815
1202,17.338856,-27.609114
1203,-40.334072,-48.25777
1204,12.944606,-41.570164
1205,-2.003535,11.797871
1206,-59.106644,16.573744
1207,-52.533436,12.060665
1208,26.428143,-1.4543812
1209,47.57865,-9.242879
1210,29.224684,0.43151757
1211,27.278872,3.5088184
1212,33.024002,11.501006
1213,-40.316483,-48.24382
1214,28.33145,-0.4574276
1215,31.975504,-14.420182
1216,-2.5236526,-7.8121324
1217,9.61445,-44.82736
1218,26.519634,35.112377
1219,-13.739036,-6.0863814
1220,-15.999861,-16.440468
1221,-0.26145005,-18.796747
1222,19.732243,12.327969
1223,-30.04342,-10.002496
1224,9.600598,-41.73288
1225,-33.13434,-44.396465
1226,-42.056946,22.016747
1227,21.772264,0.5458179
1228,17.126759,-17.360891
1229,-33.137745,-44.397423
1230,1.0012225,-18.947357
1231,-0.44557482,-17.243183
1232,15.02714,19.344633
1233,1.0485747,-19.107466
1234,-9.300156,-13.449163
1235,6.4613266,39.94915
1236,-30.831074,-12.528719
1237,-16.521305,-6.3941503
1238,17.61474,20.4816
1239,13.523004,8.978307
1240,-30.477585,-53.766823
1241,36.532738,13.473673
1242,-20.890816,15.581744
1243,-43.38388,-21.370337
1244,6.8830767,44.34619
1245,-30.660984,-53.736046
1246,-6.0128045,-21.757332
1247,-40.569946,-11.053922
1248,-9.291956,-13.458446
1249,-28.07417,-8.324013
1250,15.136221,19.571985
1251,-29.96694,-11.080842
1252,-31.370707,-17.170485
1253,-30.216774,11.740759
1254,-6.0085754,-21.596115
1255,-39.40135,-18.21065
1256,4.1594067,4.2575088
1257,-33.62082,-22.266626
1258,-42.0158,-21.058132
1259,-1.466928,-19.089943
1260,-30.675667,-12.718751
1261,-0.5339301,13.90294
1262,-40.333557,-10.671954
1263,-35.70308,-15.441617
1264,-31.31292,-14.916583
1265,0.5648445,-18.417236
1266,15.816678,8.919632
1267,-31.304316,-17.150873
1268,-30.252508,11.811971
1269,14.2846775,9.278762
1270,-31.250381,-14.944712
1271,-42.675415,-3.7837865
1272,4.8338814,4.3555446
1273,31.697762,-27.638102
1274,-15.579242,-42.62469
1275,-19.103043,-12.349107
1276,-22.34414,-19.381853
1277,-6.141486,-22.24738
1278,-35.522865,-15.30347
1279,-35.224445,-14.9379425
1280,-36.677307,-16.696758
1281,-31.535461,-10.2488
1282,-15.795276,-8.224872
1283,-29.810421,10.53258
1284,-42.68193,-3.7847004
1285,13.639328,-0.48579016
1286,-36.66592,-16.668667
1287,-31.715229,-20.520424
1288,-31.481388,-12.0570345
1289,17.868517,-14.534274
1290,-28.46441,-28.558147
1291,-45.651695,-27.039566
1292,-31.704706,-20.517164
1293,-45.649,-27.040316
1294,-33.62082,-22.266626
1295,22.533028,-12.1647415
1296,12.142543,44.04438
1297,1.7534049,-17.361635
1298,12.062496,2.288416
1299,-6.127468,-22.229412
1300,-34.557148,-18.080877
1301,-22.514915,-19.341448
1302,-14.748664,-8.674003
1303,14.560203,18.458002
1304,-4.927923,-6.8917246
1305,0.94121015,-17.663757
1306,-39.049526,-20.796476
1307,-6.2944765,-22.769943
1308,-33.8694,-13.814387
1309,-31.381073,-53.65341
1310,15.624541,20.200869
1311,-35.91337,-14.35073
1312,16.187159,20.125626
1313,17.879719,-14.3511915
1314,32.069267,23.744953
1315,-1.4153358,-17.708138
1316,17.860334,-14.416166
1317,-33.190475,-16.492338
1318,-34.601276,-18.08247
1319,31.730122,-27.564085
1320,-17.020967,-38.10102
1321,7.8307595,7.1644835
1322,12.443491,-28.093216
1323,42.107468,25.073845
1324,42.107533,25.07396
1325,-18.32976,27.224386
1326,42.107243,25.073875
1327,9.998722,8.062019
1328,-9.072544,-5.2666955
1329,-23.693262,20.040604
1330,-9.19047,-2.7150252
1331,19.511038,-26.736944
1332,-51.750435,9.810974
1333,15.019874,-17.872713
1334,-18.274065,1.973796
1335,-13.67618,11.652354
1336,-23.748995,19.794992
1337,46.90655,-12.796915
1338,42.107243,25.073875
1339,-7.508923,-4.385842
1340,0.06802971,-26.757727
1341,18.528889,-70.554924
1342,0.095736146,-26.601768
1343,6.6527276,6.052821
1344,18.3023,-26.914742
1345,7.358906,6.948912
1346,25.731983,-30.761045
1347,39.4347,-18.917934
1348,21.404757,-26.928118
1349,13.609093,-25.056124
1350,10.662125,-43.387558
1351,2.120818,-21.816847
1352,13.475084,-25.74907
1353,39.45001,-18.811405
1354,19.42526,-33.468582
1355,9.235397,-26.139528
1356,18.531097,-70.55708
1357,8.777319,7.2564836
1358,-0.16592124,-27.777508
1359,20.743486,-26.924149
1360,2.7240775,-22.097532
1361,25.629755,46.671303
1362,19.306118,-25.213688
1363,8.217522,5.9237466
1364,17.8971,-25.509596
1365,24.31214,-28.740849
1366,13.542858,-25.841068
1367,18.039812,-70.3056
1368,-8.803679,-4.772004
1369,-12.63365,9.441862
1370,19.353088,-28.189531
1371,23.267736,-28.09431
1372,20.437483,-22.542662
1373,19.675814,-29.872417
1374,-4.9646096,-0.5351713
1375,-0.28877586,-28.275936
1376,22.578142,-28.406528
1377,25.794397,-52.699554
1378,7.092735,8.477621
1379,30.702305,-20.64929
1380,6.9915442,9.814458
1381,18.925644,-23.021183
1382,16.470598,-30.631062
1383,28.030403,-7.7469897
1384,39.36004,-19.639421
1385,15.971293,-34.85348
1386,-3.0842648,-15.0254545
1387,16.548656,-24.522518
1388,16.503366,-6.362738
1389,16.04693,-24.78826
1390,2.5037165,-21.986002
1391,19.210522,-32.059895
1392,26.66658,-12.29206
1393,-25.354956,-22.585768
1394,-48.701935,18.022371
1395,8.985995,5.5285654
1396,22.836489,-23.385893
1397,3.2872248,43.47108
1398,6.5685577,7.4532266
1399,20.792988,-25.260254
1400,20.094038,-23.273252
1401,-8.826912,-4.8146076
1402,14.940413,-17.893919
1403,3.1290836,9.553059
1404,7.91117,7.3458505
1405,25.792017,-52.719563
1406,15.019812,-17.872707
1407,18.039614,-70.30036
1408,-45.59271,-6.9411416
1409,-10.406638,-3.617712
1410,5.315011,10.5555725
1411,-45.59248,-6.942504
1412,25.688833,-12.687804
1413,20.43839,-22.460999
1414,17.002823,-24.043331
1415,16.026028,-26.716732
1416,21.706127,-23.583385
1417,2.8199666,4.497258
1418,22.629545,-23.404963
1419,-0.23356086,-28.039312
1420,-25.286272,-2.9497867
1421,-21.958717,1.7477983
1422,-24.659437,-4.084243
1423,-25.119207,-6.448822
1424,-24.133049,2.068651
1425,-21.608131,2.702249
1426,-25.145872,-2.1530309
1427,-20.294706,-9.166473
1428,-50.28638,-7.261102
1429,-27.840744,-4.282024
1430,-28.449492,1.7389215
1431,28.138134,12.3966
1432,-24.689493,-1.0983664
1433,-20.485308,-5.2331324
1434,-28.211138,-2.1801128
1435,-22.364576,-7.2035255
1436,-29.479399,-2.0682344
1437,34.745605,48.970657
1438,-20.6097,-35.49609
1439,-29.893715,-3.3516252
1440,-27.702873,-6.722452
1441,-24.122747,1.058
1442,-25.355755,3.4375246
1443,-29.5048,2.0140102
1444,-22.363403,2.3651364
1445,-11.766353,-43.366776
1446,-28.449492,1.7389215
1447,-26.015429,-0.1489924
1448,-22.771505,3.0120554
1449,-26.512938,-3.8119526
1450,-21.625954,1.7044916
1451,41.786396,8.870038
1452,-19.629238,-6.779619
1453,-25.099558,-3.9583392
1454,-33.442917,-4.1451163
1455,-28.37632,-20.831266
1456,-26.37466,2.719365
1457,-18.848824,-14.463601
1458,-22.954838,0.7496602
1459,-23.002777,-7.647895
1460,-21.367348,-2.0509639
1461,-20.788492,-6.6114674
1462,-18.988829,-6.9179173
1463,11.431322,5.146713
1464,-21.44206,-4.175624
1465,-50.19461,-7.2924623
1466,-21.062649,-1.2976805
1467,-27.235888,-0.15142135
1468,-24.969044,-0.37528157
1469,-23.6271,3.0254653
1470,-22.590794,4.7394805
1471,-22.713495,-1.0690973
1472,-22.375492,-7.119076
1473,-24.019009,-2.2023592
1474,-26.2978,2.6738944
1475,-21.840565,-8.159131
1476,-23.84109,-0.23047556
1477,-22.41644,-2.3224082
1478,-20.27934,-1.3317316
1479,-24.855228,0.9435464
1480,-22.267155,-0.41188684
1481,-27.52902,-6.628279
1482,-23.955976,0.9490649
1483,-30.542845,-5.5628653
1484,-31.133741,-1.2315699
1485,-20.06928,-5.4890122
1486,-22.861162,-3.81073
1487,8.460697,-25.119576
1488,-30.136728,-5.590547
1489,-22.004965,-9.610188
1490,-29.89319,-3.351536
1491,-30.091057,-5.419494
1492,-24.62948,-8.4718
1493,-24.058222,-2.5215108
1494,-22.75261,1.8534182
1495,-22.363562,4.3445377
1496,-27.235838,-0.15141657
1497,-30.256142,-5.526885
1498,-26.80614,-2.644937
1499,-13.925042,-43.25963
1500,-20.034655,1.4016465
1501,-22.822578,-2.8426962
1502,-29.58457,-1.0932494
1503,-20.621635,-5.3146033
1504,-19.741856,1.1200141
1505,-25.11127,-6.4510612
1506,-24.205524,-33.408722
1507,-33.407692,-4.1678224
1508,-21.672653,-1.5458882
1509,-26.920254,0.30229518
1510,-24.93772,-6.6838937
1511,-21.110435,-35.51128
1512,-20.296875,-9.170443
1513,-21.0828,-1.1633531
1514,-22.0631,2.1068213
1515,-26.073427,-9.635542
1516,-26.262936,-1.3515044
1517,-29.009464,-0.5385929
1518,-29.601868,-0.5674292
1519,-22.655659,-4.56556
1520,-20.638494,17.132856
1521,22.11241,61.56296
1522,-26.536055,14.194005
1523,-28.49309,18.422709
1524,-15.594781,15.415448
1525,-10.2900915,16.81164
1526,-16.82444,24.388845
1527,-26.271408,14.38359
1528,-27.462698,18.023935
1529,-25.906223,14.63136
1530,-27.159315,17.82665
1531,-26.4467,20.085033
1532,-38.102627,1.0127914
1533,-18.64937,16.330826
1534,-23.364864,12.989986
1535,27.254818,27.84008
1536,-22.179134,13.737452
1537,-36.602898,2.3802817
1538,-10.552777,19.581142
1539,-16.153103,25.256107
1540,-14.398161,24.293385
1541,-26.261982,20.075954
1542,-37.643898,0.13892014
1543,-15.056372,24.430716
1544,-26.886171,1.265406
1545,-26.614307,14.129323
1546,-24.277857,12.019352
1547,-18.521635,-31.448471
1548,-14.879758,16.608664
1549,-21.479326,-30.30278
1550,-38.521755,1.7433643
1551,-14.522965,25.674196
1552,-25.225916,20.5082
1553,-8.4535475,42.30529
1554,-7.69746,25.489498
1555,-16.981037,25.702335
1556,-23.71905,12.253206
1557,-16.923128,17.63223
1558,-12.30166,23.281567
1559,-17.044382,27.652132
1560,40.68715,-6.0387783
1561,-26.826738,20.024315
1562,-7.264061,25.136425
1563,-27.306433,19.61351
1564,-15.729038,23.621094
1565,32.937912,18.348204
1566,6.179114,-46.817833
1567,-29.282866,24.510582
1568,4.5653996,8.177247
1569,4.5551815,-13.11934
1570,-18.80134,-28.390604
1571,-14.454225,-20.400324
1572,-15.922948,29.252262
1573,-25.88232,-11.903808
1574,-18.658897,29.832111
1575,-23.153988,11.237898
1576,19.942766,-35.897846
1577,-18.90644,-33.18209
1578,-12.67339,14.557659
1579,23.389704,61.460777
1580,-15.76468,24.216011
1581,-37.75598,0.3644104
1582,-16.283188,22.906298
1583,-19.769001,-31.212152
1584,-13.905531,-22.64943
1585,-15.367144,-32.20137
1586,16.32029,58.03282
1587,-21.15956,-30.398905
1588,-13.074989,-21.63198
1589,-19.277874,-8.095547
1590,-26.041939,10.041161
1591,-25.586409,21.578665
1592,-26.041939,10.041161
1593,-26.543398,17.751999
1594,-16.02341,29.360313
1595,-16.011526,29.397058
1596,-7.0309253,25.057617
1597,17.908989,22.394693
1598,-25.699389,19.089659
1599,-45.857014,34.96442
1600,-16.88023,16.824692
1601,-27.413275,17.122824
1602,-27.762993,-14.436936
1603,-15.95444,25.84525
1604,2.0705872,3.8713555
1605,-14.573376,14.452994
1606,-25.259874,17.480331
1607,-17.991693,16.33601
1608,-19.32236,23.745209
1609,-15.277692,23.28536
1610,-12.641517,15.481763
1611,6.949688,-32.81953
1612,-34.69947,19.585115
1613,-26.54293,-10.15205
1614,15.817838,-59.462547
1615,-18.41475,-17.173758
1616,18.153912,-2.0826778
1617,4.516421,-31.470627
1618,-22.1813,-58.310368
1619,-21.557228,-59.394814
1620,-23.211521,-57.56449
1621,-17.624628,-18.395823
1622,11.826839,-18.722483
1623,35.660942,25.691267
1624,-19.417696,-18.710312
1625,-20.565104,-19.522804
1626,4.916484,9.111609
1627,32.255474,-21.165403
1628,17.119286,-33.400135
1629,-22.36889,-56.8378
1630,18.2659,-34.904953
1631,22.29966,-39.071392
1632,19.742905,-13.058383
1633,11.194856,-18.74881
1634,-21.812569,-58.974957
1635,-22.468616,-57.053604
1636,-22.473698,-57.404205
1637,20.232634,-14.95342
1638,12.392576,-16.471367
1639,35.33208,-20.181833
1640,11.251261,-18.417818
1641,18.810196,-17.63837
1642,21.721561,5.502889
1643,9.804063,-16.648155
1644,32.80315,-21.458538
1645,9.673241,-3.8401873
1646,18.64521,-37.697132
1647,19.312462,-18.707891
1648,19.743172,-16.531918
1649,22.214024,5.7114763
1650,9.6734,-3.8417785
1651,10.4943495,-17.217455
1652,23.85055,-19.666296
1653,-19.687965,-21.288443
1654,21.823095,-19.953484
1655,35.33208,-20.181833
1656,31.813507,-20.911423
1657,10.09709,-17.520248
1658,-0.01853782,34.84227
1659,20.508564,-14.130128
1660,13.82211,-4.178842
1661,22.442942,5.750114
1662,10.4821005,-17.180593
1663,-34.60149,-58.87157
1664,-16.645908,-16.506405
1665,-20.59223,-19.531334
1666,-19.673653,-21.27586
1667,21.384659,-59.54519
1668,22.116377,-37.28846
1669,18.546383,-17.852417
1670,12.554374,-16.763266
1671,8.48361,-20.921816
1672,7.4567704,-21.067871
1673,25.253775,-20.992245
1674,22.116146,-37.288105
1675,-17.870905,-16.770819
1676,18.305326,-2.5821137
1677,21.841362,-19.959322
1678,18.313164,-17.619562
1679,35.62916,-20.311466
1680,-17.735502,-16.698265
1681,20.803326,-16.430471
1682,11.688244,-26.596594
1683,24.469847,-20.419746
1684,8.425162,-21.692741
1685,16.931393,-36.000965
1686,8.593209,-20.965282
1687,18.605936,-3.0573826
1688,5.5017233,20.287418
1689,25.025814,-17.746845
1690,13.775377,-36.75764
1691,27.847565,-22.388914
1692,4.3647013,-31.318594
1693,9.680075,-17.75907
1694,13.784538,-30.422096
1695,33.998608,26.71628
1696,29.495476,-23.369568
1697,-0.83852696,22.829964
1698,6.2984185,-5.913839
1699,36.367435,25.89299
1700,35.84058,25.72565
1701,20.719217,-16.466206
1702,-20.101295,-19.370317
1703,24.311825,-20.29088
1704,8.83101,-19.304585
1705,35.267166,23.075607
1706,10.772479,-16.651049
1707,13.8123865,-26.944918
1708,8.841375,3.2209768
1709,-34.60149,-58.87157
1710,-12.137613,41.199944
1711,-33.230503,44.183308
1712,-33.510307,46.546062
1713,-39.189392,35.441395
1714,-39.127384,35.47639
1715,-35.245495,48.42727
1716,17.05068,-41.327744
1717,39.839474,32.631027
1718,-33.805256,44.26294
1719,1.9214178,-1.2004596
1720,-31.821589,53.515472
1721,-29.955244,41.55681
1722,14.62308,64.092285
1723,-33.29645,49.7846
1724,-16.27561,47.50158
1725,28.779377,-32.977165
1726,40.163277,32.06824
1727,-33.354347,47.850567
1728,-31.115067,46.63262
1729,-35.99701,47.349373
1730,-29.607868,46.52289
1731,39.34308,15.428451
1732,-32.75815,47.3328
1733,23.11286,40.23529
1734,-33.128277,43.99696
1735,40.15148,32.064896
1736,-50.09567,-1.2806902
1737,-35.618423,43.95304
1738,-32.274536,51.78428
1739,28.289537,50.17278
1740,-66.18953,1.4388005
1741,-17.019772,-10.548255
1742,-0.93997926,-71.362854
1743,-30.096607,41.437687
1744,-25.14724,-50.88409
1745,57.217308,-29.626024
1746,6.0962954,15.677529
1747,-29.690605,45.56595
1748,22.256338,40.508556
1749,-33.779804,47.41303
1750,-35.838047,45.637268
1751,-12.354139,-35.444054
1752,9.300073,33.8623
1753,-36.115044,44.60557
1754,13.893065,64.75713
1755,1.8515396,-8.524149
1756,-31.72313,41.670284
1757,-28.476662,47.28103
1758,-33.741787,50.364704
1759,-35.43278,49.025455
1760,-32.34825,48.401672
1761,-35.85134,43.07829
1762,-34.536407,40.223797
1763,-31.217999,46.445328
1764,23.182146,40.210793
1765,-32.22768,45.899147
1766,-31.006432,49.8977
1767,6.6631727,31.580786
1768,-56.31786,-1.4674299
1769,-35.77655,42.580643
1770,7.2811537,-45.09267
1771,-29.823347,45.453114
1772,-26.0424,-50.33321
1773,-11.6576605,3.128046
1774,-37.430336,45.074436
1775,-50.651627,-0.6187103
1776,-29.584763,47.276497
1777,-40.232716,34.61818
1778,-32.13706,45.73778
1779,57.217308,-29.626024
1780,-31.848833,53.431187
1781,14.242305,64.87382
1782,-36.460316,49.001984
1783,-50.66994,-0.59511334
1784,-11.856984,17.812521
1785,-32.90884,50.66543
1786,-33.146454,42.90919
1787,-31.533657,41.538445
1788,-29.349869,47.811394
1789,-33.405365,51.129223
1790,15.28605,67.86172
1791,-30.77039,44.869858
1792,17.69897,-4.6304874
1793,-35.4037,48.06824
1794,-32.26663,45.238876
1795,4.23084,-39.654156
1796,-33.09046,50.02778
1797,-11.363707,33.03025
1798,-20.957125,24.251356
1799,-66.134796,1.4695466
1800,-39.083317,35.52063
1801,40.786793,31.23609
1802,-37.517395,45.07762
1803,13.955939,64.71107
1804,-24.629187,-51.225334
1805,7.2274823,49.02681
1806,33.946384,21.596119
1807,3.5951617,53.022964
1808,33.957336,21.606062
1809,45.99681,21.166842
1810,1.5742376,-24.63189
1811,-19.749521,9.449223
1812,-9.905669,32.38463
1813,3.228306,51.26667
1814,-19.720499,9.433409
1815,20.354126,49.802837
1816,-20.440798,7.3588595
1817,28.472218,-25.967915
1818,3.473071,48.73053
1819,11.127891,41.04758
1820,2.7980914,51.69597
1821,2.930129,52.03121
1822,45.99638,21.16473
1823,7.206874,46.038204
1824,8.877721,49.340195
1825,5.4860973,45.607784
1826,-14.351785,-62.681774
1827,3.1500933,50.54913
1828,10.015675,46.552204
1829,6.1797366,46.95723
1830,42.473656,-17.289322
1831,-20.413233,7.360573
1832,6.3145437,44.21436
1833,44.77414,19.158533
1834,-19.807934,5.940986
1835,4.498695,50.34517
1836,5.510164,48.626957
1837,-39.278996,14.94619
1838,-20.49776,7.364276
1839,-19.718494,9.429951
1840,2.3841968,-43.952423
1841,7.096173,47.56444
1842,-20.442036,7.3623705
1843,4.570265,50.543358
1844,6.0789332,49.71468
1845,-19.685328,9.404519
1846,-19.710802,9.42259
1847,2.2101364,51.21254
1848,3.5748444,48.852295
1849,7.603854,51.291218
1850,5.510052,48.62688
1851,7.620852,43.090176
1852,-20.44055,7.3642063
1853,9.252949,47.364227
1854,-20.411627,7.35997
1855,4.923491,47.64032
1856,0.6140682,51.718533
1857,20.351772,49.802383
1858,2.927558,50.746113
1859,9.517399,46.431606
1860,35.207462,-3.3946376
1861,5.19298,49.235786
1862,0.7948176,47.295704
1863,0.717573,47.594795
1864,7.096219,47.565285
1865,9.704334,46.332996
1866,49.54114,18.789816
1867,8.112109,47.314064
1868,5.5556707,52.57106
1869,54.15497,21.564478
1870,13.522165,-24.22518
1871,-18.618279,-14.306017
1872,6.165135,44.22806
1873,8.71881,21.447695
1874,-37.41093,13.483878
1875,-1.2972413,31.944956
1876,4.547521,47.098526
1877,5.5890465,52.6639
1878,21.267117,3.395669
1879,2.364846,52.48617
1880,0.7775375,47.296577
1881,7.8252134,51.373035
1882,9.149412,49.240536
1883,5.5736775,52.711838
1884,2.1738694,50.016582
1885,9.038893,49.05637
1886,16.463902,12.781709
1887,-19.722332,9.433303
1888,5.8018374,43.238262
1889,11.157884,47.89755
1890,-40.245426,13.144754
1891,23.611109,15.254224
1892,1.3745006,46.266483
1893,8.362319,51.8399
1894,10.786187,46.238056
1895,33.93334,-16.478773
1896,7.6636095,48.51936
1897,28.778126,-29.054014
1898,-5.9051614,10.9386
1899,-4.0477886,10.751777
1900,-2.040609,7.6228733
1901,-1.6999298,5.6186357
1902,1.4899266,4.9422693
1903,-0.542643,4.9923167
1904,0.25958076,9.659134
1905,2.2101889,4.378472
1906,-0.67080456,7.9776144
1907,3.631844,0.6945068
1908,-7.9427805,13.343391
1909,1.6306981,11.003125
1910,-1.9449861,1.8496021
1911,9.443914,1.0066856
1912,-1.9261467,6.3601904
1913,-3.3817148,12.325107
1914,-19.076063,-12.286738
1915,-5.860414,15.46786
1916,2.0628028,-0.20147897
1917,-4.159752,8.674441
1918,0.47247383,1.5594001
1919,-4.092555,13.960331
1920,0.8056902,8.03753
1921,-0.81112975,9.2695
1922,0.355882,1.1269861
1923,-6.977168,10.647257
1924,2.3224719,1.9007525
1925,-3.830705,4.2429605
1926,-5.9479823,13.390814
1927,-3.7856658,-1.6106594
1928,-0.23238355,11.356657
1929,3.4110563,-0.93446374
1930,-2.891791,9.363859
1931,1.7600598,0.06739352
1932,-8.694881,13.536842
1933,-5.430569,3.449632
1934,-0.6408308,1.796109
1935,-0.63156116,-2.9732566
1936,-3.7643723,6.216224
1937,-1.0849351,9.238327
1938,-6.204997,-6.6572695
1939,-0.90923405,13.290696
1940,-2.97703,0.70558834
1941,-7.4900427,13.100919
1942,-3.9428668,6.174945
1943,-3.3908598,9.509731
1944,44.52821,2.1218805
1945,0.692395,12.582893
1946,-1.5225064,-20.53099
1947,-6.1722536,8.46383
1948,2.280946,6.844536
1949,-2.171303,2.0450146
1950,-9.34945,7.0062637
1951,13.70456,6.368399
1952,-0.65225697,4.8090253
1953,-3.7256384,-1.6711097
1954,-13.18107,-6.6196213
1955,-3.8550072,12.72914
1956,-1.4599677,-0.6858043
1957,-2.748815,10.12388
1958,-7.0403924,-4.094599
1959,14.507909,-35.370888
1960,-0.99317646,0.61599845
1961,-0.84233135,11.311811
1962,-0.6201445,8.500582
1963,-6.19518,10.8166895
1964,-4.034775,0.06431355
1965,10.014661,-6.9572153
1966,-7.1160064,12.621574
1967,-2.7953582,8.759654
1968,-7.0356846,3.7473323
1969,-6.4164147,3.0132475
1970,2.4878771,7.2509365
1971,-0.7967998,0.6332099
1972,39.646244,12.533464
1973,-1.9951689,11.195506
1974,-8.174446,10.422816
1975,-6.2289324,8.486604
1976,10.529823,0.65270746
1977,9.633573,-0.8984657
1978,-4.4852586,9.908895
1979,2.3895369,1.7784516
1980,-9.848322,-0.15831554
1981,-5.4878054,3.4045866
1982,2.9547377,-2.3790343
1983,0.45377535,14.137876
1984,4.1114726,0.46480268
1985,5.907386,0.7617304
1986,4.5272045,-2.5013382
1987,-4.3290935,4.5290403
1988,-2.99148,15.186392
1989,0.6533244,0.8323332
1990,-3.351123,1.8985627
1991,-8.1983385,10.400686
1992,-3.7637599,4.313778
1993,-8.564959,13.494552
1994,-4.125353,13.09493
1995,-14.790756,22.669113
1996,-5.674262,11.43952
1997,-3.14634,11.159386
1998,26.803844,17.793104
1999,17.237873,14.242512
2000,19.968786,10.137677
2001,24.02464,21.003605
2002,-6.167671,6.09359
2003,22.723389,-14.716174
2004,18.364058,17.75862
2005,21.98609,-14.375557
2006,-6.4219503,6.7644515
2007,-16.121855,7.8780475
2008,17.204317,12.586513
2009,29.857965,15.462169
2010,8.288526,38.815624
2011,19.465906,16.174366
2012,19.967796,13.543609
2013,-16.123745,7.8995166
2014,23.307089,10.378479
2015,21.414785,-0.8229603
2016,26.240273,18.332983
2017,20.016615,7.3837395
2018,8.288503,38.81607
2019,19.307177,9.164897
2020,5.392676,2.1310077
2021,47.686657,41.83113
2022,29.333954,15.675041
2023,19.656872,14.65338
2024,21.438393,21.974272
2025,26.24032,18.316061
2026,25.796883,12.59666
2027,26.265503,8.564797
2028,22.010084,18.976324
2029,32.137703,14.392874
2030,21.1989,13.135422
2031,26.232342,14.207865
2032,31.518896,14.482117
2033,-11.68486,-13.441345
2034,11.163078,55.428547
2035,18.791462,12.868382
2036,-6.3505654,6.6553946
2037,31.032032,17.25252
2038,31.023808,17.144463
2039,25.673666,11.685161
2040,-34.155872,-14.151098
2041,17.570766,13.268266
2042,21.029324,8.118778
2043,8.288683,38.815235
2044,20.327812,21.604668
2045,31.53214,14.46959
2046,20.553516,21.69518
2047,24.035666,20.864883
2048,19.86207,16.99576
2049,26.008307,17.64227
2050,22.693748,15.710196
2051,20.98415,17.504028
2052,23.489723,24.471884
2053,19.957144,18.374006
2054,24.917967,14.987285
2055,21.458008,14.195969
2056,20.670496,17.02753
2057,6.3777947,2.62844
2058,22.013334,18.988842
2059,19.534092,13.784438
2060,-7.19457,1.2678499
2061,19.862091,16.995602
2062,21.726355,10.292529
2063,22.73347,9.245675
2064,24.703655,12.249519
2065,19.08176,11.733375
2066,-7.1553955,1.3073732
2067,23.154242,10.043077
2068,20.291145,20.692326
2069,25.624853,11.742151
2070,20.31368,10.479033
2071,24.095985,14.756393
2072,25.652908,14.912843
2073,26.047625,6.5331726
2074,22.038107,12.315809
2075,19.081884,16.69715
2076,6.4350195,2.6467164
2077,-36.86828,42.449306
2078,21.246786,15.04366
2079,21.31471,7.9200745
2080,20.879683,15.37986
2081,-6.7377973,-10.249679
2082,17.395355,17.563227
2083,24.005714,20.981426
2084,-15.311197,-4.2265186
2085,17.51443,12.129221
2086,20.631947,11.67691
2087,19.222801,9.222872
2088,18.634344,14.747155
2089,-40.154404,0.87134415
2090,-17.341478,-48.73413
2091,23.812506,13.362152
2092,25.357193,19.408829
2093,18.667679,18.00452
2094,25.79553,11.187286
2095,19.966097,17.374065
2096,1.8433331,20.947617
2097,33.32512,27.215523
2098,-47.927242,-35.09361
2099,2.0485566,21.501808
2100,-18.976685,-2.5127652
2101,-47.836754,-34.675514
2102,-47.891026,-34.672653
2103,-47.988476,-36.168304
2104,4.4539776,22.504244
2105,-47.925278,-35.904675
2106,2.0800555,22.628555
2107,3.6160748,21.945597
2108,-47.736378,-34.31643
2109,-4.919901,6.887642
2110,-47.045216,2.5372849
2111,-23.193592,18.379166
2112,18.160946,-13.049903
2113,48.995125,-22.079931
2114,-48.96238,-35.152325
2115,6.655545,29.775177
2116,-48.008873,-35.192715
2117,-9.757863,1.9515092
2118,-47.077133,2.556097
2119,-23.22378,18.394028
2120,12.203587,-41.812992
2121,5.310002,21.784632
2122,3.3818448,19.531698
2123,3.3685985,19.603512
2124,35.477512,1.2305566
2125,4.6576185,-12.034482
2126,44.590954,-5.763771
2127,-45.297318,-1.7261167
2128,37.21192,-0.41257936
2129,0.96502817,32.741077
2130,35.829376,5.6605096
2131,-48.81555,-36.03689
2132,-1.8628973,-7.8344793
2133,4.3149996,-56.713333
2134,-11.407157,-4.837418
2135,18.3016,-6.9967804
2136,50.81093,5.934746
2137,5.809395,-12.188525
2138,-48.21533,-36.17585
2139,-14.360772,-62.671356
2140,29.282206,10.326135
2141,37.447483,-9.759694
2142,-10.310821,1.6718781
2143,36.872734,-9.731037
2144,0.25072595,-14.729768
2145,-0.1886681,4.046977
2146,3.0081048,29.273039
2147,7.9529924,24.14602
2148,1.0049409,32.867863
2149,25.420774,65.163506
2150,-8.369694,3.5713575
2151,44.46402,-5.7008204
2152,1.6343148,24.366833
2153,-9.348003,2.2786212
2154,36.120514,-1.0649105
2155,3.7492793,23.376959
2156,4.1142106,21.47177
2157,4.33042,-56.828808
2158,35.223236,-33.65698
2159,3.9764962,22.601393
2160,-7.9559474,8.23264
2161,1.6835245,23.869507
2162,17.715517,58.138783
2163,-0.03668695,-22.399715
2164,2.9481928,22.197073
2165,50.81256,5.9329967
2166,4.112587,20.963957
2167,30.640299,21.51771
2168,13.776917,-33.801495
2169,37.29048,0.4874359
2170,9.885087,43.069393
2171,-29.003088,-11.826485
2172,2.9491415,29.077581
2173,25.180113,65.03361
2174,38.197758,-1.7416245
2175,35.46087,2.7792935
2176,2.9957733,29.239166
2177,3.8221133,21.811586
2178,-4.010753,16.093716
2179,47.96625,-22.811068
2180,-45.29406,-1.7276099
2181,31.259863,-6.7907004
2182,-23.342093,15.847928
2183,17.802816,-29.641052
2184,-48.550472,3.1360965
2185,37.09184,2.1309154
2186,44.225346,-5.010708
2187,3.0566268,29.458899
2188,-28.689072,22.62597
2189,42.205757,11.802246
2190,12.501432,-11.230998
2191,37.16017,-0.3780849
2192,20.597252,30.74151
2193,44.113274,-7.003004
2194,-14.5767975,63.68132
2195,8.877143,-11.050142
2196,8.695712,-14.426359
2197,17.478096,-48.011406
2198,-56.393543,-4.493483
2199,5.206454,-16.619068
2200,6.6206956,18.994234
2201,19.11793,-8.892548
2202,20.042936,-11.351635
2203,16.22887,-10.186955
2204,16.401644,-8.081117
2205,35.089912,-12.362232
2206,14.245739,-7.4177628
2207,25.034735,-9.863974
2208,10.558448,3.0202966
2209,-8.405049,-25.489464
2210,14.219927,-7.4005475
2211,-0.5970666,29.571476
2212,14.691295,-4.9367094
2213,22.824642,1.7402744
2214,16.092299,-5.697827
2215,15.872414,-11.858468
2216,22.542076,-8.536875
2217,-31.059376,-30.518728
2218,33.938854,-5.619233
2219,10.223746,-10.379111
2220,9.552999,-11.709548
2221,10.193381,-10.487356
2222,5.528473,-13.094056
2223,-21.950275,7.998422
2224,18.113798,-8.6650505
2225,9.732451,-11.28163
2226,-54.774635,-5.6169887
2227,18.120756,-9.797899
2228,18.512997,-11.567853
2229,13.027281,-14.229865
2230,18.173416,-8.457466
2231,20.009943,-5.9365525
2232,18.729557,-10.979279
2233,22.548477,-9.421118
2234,-2.9974809,32.318195
2235,17.186993,-10.105082
2236,18.358376,-52.13795
2237,20.363192,-7.878862
2238,25.747593,-21.624332
2239,36.05647,5.704772
2240,38.941425,-29.700394
2241,10.658365,-9.652162
2242,16.377693,-11.855132
2243,20.740784,-11.545633
2244,11.060964,-10.733124
2245,22.542536,-8.536889
2246,-10.146849,60.6063
2247,7.8417377,-28.491179
2248,-55.60398,-5.40628
2249,7.321317,-14.339171
2250,18.534698,-20.666609
2251,27.329977,-10.616443
2252,14.634546,-11.773199
2253,-43.60204,0.9197644
2254,16.173368,-10.221169
2255,20.235971,-7.7356987
2256,6.786331,-8.60795
2257,11.610573,-10.252693
2258,-20.818003,-21.790373
2259,-54.52125,-5.6161175
2260,9.805341,-11.599927
2261,20.593456,-13.818019
2262,-1.956493,-4.8131957
2263,12.9193945,-6.0499787
2264,5.1684847,-12.362797
2265,-1.5337428,26.927694
2266,9.41322,-31.312296
2267,-55.321735,-6.4766097
2268,43.877316,3.7830882
2269,18.705828,-10.163905
2270,6.4805565,18.30461
2271,18.63557,-52.695198
2272,0.70165145,-2.156623
2273,33.583454,8.722478
2274,5.212213,17.904175
2275,6.4805784,18.304625
2276,13.967659,-4.830424
2277,13.300119,-9.119615
2278,32.185707,-23.209536
2279,-52.811314,-6.091213
2280,11.741814,-10.241434
2281,16.368046,-8.089599
2282,-14.571934,63.676292
2283,8.243021,-5.15262
2284,7.9365497,-50.296547
2285,0.571974,-11.0705385
2286,-26.345917,-16.066505
2287,-22.521696,45.312656
2288,-0.9179816,-12.359373
2289,18.821337,63.099857
2290,0.72125953,-12.124974
2291,6.0053368,28.171926
2292,14.336656,-2.0727994
2293,-17.392006,-22.861317
2294,29.614727,32.814816
2295,-0.6722605,-10.338609
2296,-21.363077,47.488583
2297,-21.82465,47.11384
2298,4.167171,38.906624
2299,12.689026,52.737576
2300,0.61380637,-12.897883
2301,4.2369075,-55.97026
2302,-17.116358,-21.531115
2303,0.051598527,-13.133226
2304,20.93276,-2.8470566
2305,-3.9821417,-11.865026
2306,-0.04363754,-11.749196
2307,-8.277013,29.498888
2308,12.68573,52.73643
2309,-12.718364,-15.816086
2310,-8.725961,29.452389
2311,-19.949408,47.945763
2312,22.522125,-38.565132
2313,-1.3781195,6.7589827
2314,29.470089,32.848763
2315,6.4980426,27.953106
2316,-0.70214415,-10.837221
2317,10.467871,-35.454826
2318,20.938005,-2.914874
2319,-17.564583,20.898277
2320,-22.571249,45.283237
2321,-7.9599166,29.50897
2322,2.1924677,-11.220602
2323,-5.025776,-18.338734
2324,-45.262085,12.132975
2325,34.629677,15.947894
2326,4.69558,31.460773
2327,1.1329774,-12.762662
2328,21.043047,2.627991
2329,-25.879631,-50.429382
2330,5.342683,59.93201
2331,-22.532818,45.2801
2332,-32.78192,-8.09769
2333,-45.27351,12.173083
2334,3.2353578,-39.621536
2335,-0.75835353,-13.329716
2336,-17.396437,-22.725513
2337,4.7109113,12.741373
2338,-3.445202,-12.048002
2339,-4.8137016,33.61593
2340,-49.71458,5.3103695
2341,-21.441772,47.428535
2342,-9.359463,27.98629
2343,0.4831073,-12.808844
2344,29.674953,5.215047
2345,14.199467,-46.286755
2346,-45.421375,14.353078
2347,-5.1975727,-18.625723
2348,-3.4843822,-12.036927
2349,37.583775,28.652412
2350,-9.784211,10.826998
2351,-4.5111423,-17.546114
2352,24.935543,-59.389698
2353,-26.823097,-34.924942
2354,15.232134,48.578804
2355,-4.5111423,-17.546114
2356,24.935478,-59.390648
2357,-26.823097,-34.924942
2358,15.232134,48.578804
2359,-36.21061,-32.8355
2360,-11.502569,12.176585
2361,-8.041043,-56.75223
2362,-21.93572,-10.866251
2363,-36.90773,-38.53966
2364,-33.63567,-35.82842
2365,10.604709,-33.229202
2366,-35.971413,-39.020844
2367,-3.3831098,-7.932138
2368,-13.278114,-1.4660575
2369,3.4080744,-19.677113
2370,4.689497,-25.296612
2371,-33.229565,-35.446342
2372,-34.283436,-34.71137
2373,-11.759365,11.80953
2374,6.5616117,-23.737614
2375,4.5837784,-25.144602
2376,13.436076,40.955624
2377,-17.67546,-2.994761
2378,32.517284,-3.268094
2379,-36.233032,-32.87511
2380,-34.830814,-36.30322
2381,-47.578632,7.075967
2382,35.24835,-12.615976
2383,-49.70679,-7.450767
2384,-26.047445,-5.202884
2385,-12.7519865,-1.037401
2386,-12.138317,10.05783
2387,-11.349113,12.931559
2388,1.7374882,-56.48924
2389,-5.834297,47.12763
2390,-38.1204,-39.63353
2391,-36.881626,-36.700138
2392,-34.87557,-34.561573
2393,-1.5260254,-56.556484
2394,-21.07917,-16.65726
2395,-29.921698,-34.96057
2396,-34.428528,-38.10775
2397,1.9810061,40.712334
2398,-36.613926,-38.291878
2399,-6.290412,-2.354592
2400,-35.031853,-28.162668
2401,-35.05258,-34.49299
2402,-13.519875,-3.355811
2403,8.994172,-48.598404
2404,-38.6235,-3.172451
2405,0.936324,-31.536587
2406,1.6735243,-13.861029
2407,-4.905906,-4.3239245
2408,45.88597,-16.433966
2409,36.505928,13.372148
2410,-34.16007,-36.413296
2411,-35.221214,-33.75077
2412,-22.360897,-11.8800535
2413,-49.97238,-8.268439
2414,-35.802315,-38.7536
2415,54.908302,24.576382
2416,24.316141,-36.88707
2417,36.375977,-9.692711
2418,-4.7617016,32.6711
2419,-34.71805,-35.59054
2420,16.973646,39.58306
2421,18.095844,40.17238
2422,-44.418327,18.73225
2423,5.3429413,59.938725
2424,-35.586426,-38.844738
2425,-23.655813,-13.126157
2426,-7.451345,-10.386529
2427,-7.1875186,32.504665
2428,16.966429,39.58001
2429,61.351646,2.660778
2430,-9.934037,-33.7014
2431,-0.9258203,37.793846
2432,8.734115,-9.3768
2433,-54.271076,0.6119683
2434,-33.615166,-34.658985
2435,-5.8639317,47.16881
2436,17.144068,39.67375
2437,-13.211328,31.842188
2438,-45.432343,14.367386
2439,-36.258747,-38.790817
2440,4.2697406,-24.305635
2441,26.00394,-27.358435
2442,-3.570122,-22.048742
2443,17.98637,40.112072
2444,6.5888357,-23.819427
2445,1.060448,-33.468765
2446,43.491158,-14.212183
2447,3.8634486,-26.365162
2448,18.736927,24.427984
2449,-34.982166,-36.46919
2450,-23.611048,-9.191639
2451,9.204364,19.149029
2452,-37.341114,-38.1963
2453,-36.115276,-35.45465
2454,28.79855,-8.896165
2455,-4.4036884,-4.3967333
2456,25.310926,0.15544176
2457,-10.1362,44.925034
2458,15.385289,20.930828
2459,6.3182397,25.596924
2460,12.022028,-1.1598566
2461,16.717558,4.9011664
2462,-25.745361,-20.224422
2463,15.435051,7.5835447
2464,23.063492,24.474606
2465,11.433184,-2.0457883
2466,-17.579283,13.706638
2467,14.790609,6.396128
2468,21.195219,-40.770226
2469,22.276691,-44.862747
2470,5.723879,25.214739
2471,38.89477,-29.04715
2472,-17.575026,13.702654
2473,18.456644,-7.0314455
2474,15.256398,0.24299109
2475,30.21797,-47.837082
2476,18.237007,6.254312
2477,25.269989,27.070831
2478,15.935709,5.996446
2479,30.126411,-47.916874
2480,14.311157,9.502014
2481,-19.060188,19.314194
2482,13.513699,-4.925521
2483,-7.2655044,-0.05366555
2484,23.74289,-1.8775202
2485,17.446009,2.7838154
2486,2.681254,26.350533
2487,17.456299,4.243763
2488,15.203999,0.15542874
2489,17.538727,-0.4277847
2490,25.72592,-50.472008
2491,15.102481,3.668341
2492,12.073559,-2.9784286
2493,-5.774592,17.657974
2494,18.966045,2.7456505
2495,7.909549,16.762648
2496,23.827177,8.134627
2497,18.53224,1.3920114
2498,30.673828,-52.65548
2499,18.822014,5.296506
2500,21.045986,-40.61738
2501,-8.15928,18.11974
2502,29.577595,12.342015
2503,13.71329,3.7066638
2504,18.246922,1.3270772
2505,28.79845,-25.218534
2506,-11.449903,3.0773673
2507,-25.658981,-9.422768
2508,19.765955,-5.137896
2509,-54.104057,29.184893
2510,18.642218,-0.24873894
2511,14.258447,5.418834
2512,17.596846,9.523091
2513,15.807586,14.772299
2514,-19.033426,19.293348
2515,15.5510645,3.8262775
2516,7.3056893,-3.5064015
2517,13.823423,2.156525
2518,-1.590817,-23.620817
2519,15.924541,5.98847
2520,21.052292,-40.606224
2521,15.920554,-3.231765
2522,-10.613297,25.807364
2523,15.556207,-28.996239
2524,11.36548,-4.833615
2525,46.499226,36.180634
2526,0.71022326,-3.0866
2527,19.725908,0.76771015
2528,17.545761,4.0773277
2529,-54.269203,28.864845
2530,21.73905,-46.51876
2531,15.428216,2.5074065
2532,-59.515564,-22.12921
2533,38.87807,-28.905966
2534,25.24202,27.086004
2535,15.6323,1.9688638
2536,17.687147,5.847614
2537,28.049833,13.718113
2538,15.618725,-3.1620452
2539,29.334166,-48.316895
2540,19.328936,2.9436135
2541,14.410857,6.0946393
2542,16.295925,5.9764585
2543,14.060852,3.1958983
2544,-7.3057933,-0.48956722
2545,17.411009,0.26848942
2546,11.763674,23.786703
2547,-1.5940793,-23.611986
2548,4.4481087,-34.932377
2549,29.276678,-25.519257
2550,23.9509,-48.104115
2551,46.4998,36.165756
2552,-54.321205,28.762526
2553,12.038127,-1.1522921
2554,15.333313,-0.8408665
2555,15.9496155,1.3899199
2556,16.148731,10.7433
2557,-10.394725,5.8580594
2558,-16.96698,7.2918134
2559,-8.978242,-9.875707
2560,-14.065904,3.2920263
2561,-13.267755,5.0243187
2562,-9.466171,-9.2218075
2563,-25.66102,6.687311
2564,25.141813,-5.9447694
2565,-9.044196,-9.7088995
2566,-12.848967,-3.3085537
2567,-36.147957,-8.752802
2568,-10.440939,-3.0849106
2569,-10.795381,-24.584845
2570,-36.123962,-8.719509
2571,52.724873,14.090572
2572,-36.133545,-8.567847
2573,-12.965129,1.9660302
2574,-11.232606,-1.6406654
2575,-14.780593,1.026688
2576,-11.060846,-7.875439
2577,46.20352,4.352483
2578,-11.277576,-1.0204319
2579,-1.3976246,-10.610016
2580,-11.6896,7.6197824
2581,-12.985109,0.842232
2582,52.72274,14.085965
2583,-13.877052,8.77568
2584,-25.17216,6.8327913
2585,-14.082936,9.052692
2586,-13.568843,4.967711
2587,1.4479053,-24.669922
2588,24.372488,5.5111694
2589,-15.895131,6.007966
2590,-7.4971223,-7.053832
2591,-12.2634115,4.530248
2592,-11.709036,-0.1187795
2593,-12.7587,8.694201
2594,16.308134,65.99299
2595,-11.043425,5.872391
2596,-10.873248,-3.4998174
2597,-7.918873,4.615477
2598,-10.559132,8.688814
2599,-7.9560494,6.5550046
2600,-16.337381,6.9474564
2601,-19.601006,-0.744343
2602,-14.608548,5.915009
2603,-10.96604,-7.851188
2604,-25.64915,6.6514993
2605,-15.308159,2.194765
2606,-9.755633,4.18217
2607,-33.56178,-0.51569086
2608,-14.384322,9.859407
2609,45.82582,4.130823
2610,-10.747867,8.572198
2611,-13.947626,-11.158395
2612,-17.775654,3.9653823
2613,-11.581956,8.07905
2614,-36.99479,-6.4021997
2615,-37.222958,-6.2033777
2616,-16.526024,11.101865
2617,-12.899074,8.415974
2618,-13.760265,4.481756
2619,-13.67529,5.4028325
2620,4.16567,38.89656
2621,-10.977057,7.365118
2622,-15.201055,-12.627419
2623,-15.289487,5.9450135
2624,15.571489,-1.2849165
2625,45.176056,1.387601
2626,-10.685325,-9.616243
2627,-14.141294,-11.287254
2628,-13.279526,2.058711
2629,-16.029308,3.416652
2630,-15.200848,1.5157211
2631,-11.806819,7.8216176
2632,-10.038057,-9.248417
2633,-24.107813,23.614702
2634,-11.91529,6.028242
2635,-16.509638,1.9226934
2636,-7.9598827,5.634745
2637,-11.577938,-10.15162
2638,8.703265,-46.38746
2639,-13.074146,0.43598276
2640,-15.378313,2.4018831
2641,-16.53527,11.087315
2642,-8.300189,4.87195
2643,-10.504171,8.874034
2644,-34.9776,-10.689216
2645,-48.93357,9.586523
2646,-15.3069315,4.000839
2647,-11.656855,-0.11320444
2648,-31.617075,-5.761938
2649,-10.138434,-9.615942
2650,-16.34773,4.8921356
2651,-18.266745,-40.929626
2652,-4.5840917,13.131964
2653,-11.569437,25.314268
2654,-9.335618,-8.333224
2655,-23.184893,-22.562561
2656,-9.556991,4.5383916
2657,26.506683,10.384365
2658,39.76187,1.2406504
2659,43.91882,-2.421334
2660,43.693405,-2.54458
2661,42.469128,6.81846
2662,36.999157,-16.21833
2663,38.0567,8.625039
2664,13.700403,22.354507
2665,-5.3104362,-14.314952
2666,41.137577,2.493026
2667,18.046898,-18.735859
2668,30.856852,-31.124428
2669,14.094031,-28.62015
2670,28.646454,-29.152002
2671,27.722387,-30.983757
2672,40.633263,6.126777
2673,3.615582,14.353698
2674,9.324221,-24.151993
2675,29.170681,19.785099
2676,19.024567,32.594505
2677,24.146442,-25.352354
2678,41.529186,0.09914231
2679,40.36402,2.2644775
2680,5.0603137,-0.8785996
2681,4.5315313,-0.12359524
2682,-2.3450058,-5.530614
2683,40.830875,18.965668
2684,42.754704,4.961463
2685,-20.673737,-13.794194
2686,41.32139,18.588501
2687,28.275923,8.724483
2688,37.61782,6.3047004
2689,42.36528,-10.84
2690,-24.248976,-4.775171
2691,41.95217,-2.908182
2692,41.653378,-3.1584203
2693,14.285547,38.00499
2694,17.698229,-42.894352
2695,20.01041,32.611195
2696,29.638733,-3.9143612
2697,-24.96218,-39.19608
2698,39.873722,4.024404
2699,1.6102194,-31.859276
2700,48.400497,-36.65484
2701,49.236416,-36.429264
2702,-4.233686,0.16427448
2703,40.45114,2.320293
2704,-19.811403,-24.852243
2705,-1.3893605,-31.260838
2706,36.963997,5.954157
2707,-19.64225,-37.466167
2708,40.757687,6.238665
2709,42.1374,-11.257791
2710,34.56054,-28.955008
2711,41.00762,-5.231842
2712,37.187588,9.644458
2713,25.241522,-30.017794
2714,-42.342052,-30.826649
2715,27.560333,8.682468
2716,38.417816,-2.4054875
2717,38.28496,7.3353157
2718,6.78652,12.461658
2719,10.203451,22.192995
2720,-1.7118134,-14.294753
2721,-10.84015,-18.95923
2722,38.63305,8.912147
2723,12.98482,1.2276704
2724,-19.64331,-37.46462
2725,50.8473,-39.304256
2726,-20.494091,-2.9193447
2727,-1.4726616,16.8307
2728,0.016591253,-52.83978
2729,20.474894,33.021877
2730,0.016542565,-52.83962
2731,50.81723,-39.262436
2732,-34.764194,-49.107204
2733,-1.3893605,-31.260838
2734,-2.798141,-19.63678
2735,19.882492,5.2089086
2736,40.80404,18.993452
2737,-34.764194,-49.107204
2738,30.90336,8.203288
2739,11.887072,-34.41719
2740,48.631454,-36.59118
2741,-38.014366,10.646573
2742,-20.260412,-13.641045
2743,1.6991464,-30.310347
2744,-32.065567,-7.905348
2745,43.61575,3.5072608
2746,45.475437,-32.92711
2747,26.59603,40.207005
2748,-11.071646,-17.612415
2749,30.803175,8.242038
2750,33.957233,-30.667946
2751,-42.337437,-30.82829
2752,-54.500153,3.4264634
2753,-11.013068,22.173666
2754,-11.862862,22.027119
2755,24.59653,5.2368417
2756,-13.049019,17.16511
2757,24.3922,53.774723
2758,-8.723238,16.242887
2759,-14.675277,18.271187
2760,18.50409,-24.409966
2761,-54.913338,21.550695
2762,-17.750124,-9.592027
2763,-11.866999,19.208416
2764,-13.196499,19.863464
2765,6.906952,36.12655
2766,-13.736469,17.313269
2767,-8.8727255,21.14492
2768,37.32626,19.90219
2769,37.32626,19.90219
2770,-11.607742,22.218267
2771,-14.356304,-13.978654
2772,0.91755533,18.36584
2773,27.396246,-18.063234
2774,-12.7827635,21.632729
2775,-13.163702,19.94961
2776,8.711028,25.15065
2777,-15.662674,19.340351
2778,-59.801018,21.14319
2779,-10.355334,17.833824
2780,-54.775368,21.804708
2781,-10.195384,23.527712
2782,15.554983,-38.286526
2783,-11.975003,16.34543
2784,-10.875751,19.174639
2785,-18.625135,-15.592572
2786,6.8653674,36.159756
2787,-11.265558,16.861736
2788,6.7862906,22.095432
2789,-0.18768913,20.014627
2790,15.908521,60.188034
2791,-9.253085,18.42393
2792,-14.902859,19.031157
2793,35.77733,35.80561
2794,24.395557,53.776474
2795,32.814716,-9.064173
2796,33.974438,-5.5647244
2797,-20.024626,12.648116
2798,-9.55584,23.191961
2799,-12.104683,20.521044
2800,-9.078869,18.60336
2801,16.286224,58.036324
2802,16.40294,60.938694
2803,-10.423139,21.446695
2804,-10.762422,17.669401
2805,56.548016,-1.7046233
2806,-20.09429,12.79533
2807,-14.599464,20.743292
2808,-9.294993,21.43738
2809,-11.082309,21.816206
2810,18.550833,10.988884
2811,24.399336,53.773857
2812,40.25898,-7.8061213
2813,-27.305922,12.203062
2814,-14.9192295,20.051228
2815,-13.523552,6.366239
2816,56.14134,-1.6465542
2817,-25.022083,-40.611996
2818,-24.979033,-40.97228
2819,-26.214697,-41.509083
2820,19.052269,-42.99044
2821,-25.4906,-40.6391
2822,-34.644936,27.896564
2823,-40.876163,28.22906
2824,-25.836504,-41.92142
2825,-23.717695,-43.250378
2826,-34.593742,27.944302
2827,-40.898525,27.807268
2828,-40.866966,27.763485
2829,-24.061817,-40.54378
2830,-24.284513,-40.818913
2831,-26.033295,-42.54871
2832,-25.364971,-42.873566
2833,-25.024677,-43.482758
2834,-2.0546768,-33.779297
2835,-24.458378,-41.680176
2836,-23.985636,-43.004406
2837,-24.383474,-42.314724
2838,-23.645897,-41.759434
2839,-40.697247,20.506603
2840,-40.73833,20.32884
2841,-23.56496,-41.357994
2842,-43.300682,19.345566
2843,-43.52088,19.21642
2844,-41.409203,25.090687
2845,-23.12549,-40.465553
2846,-65.63789,9.143089
2847,-65.37827,10.155913
2848,-64.74956,9.34581
2849,11.44341,-32.098892
2850,-63.363594,8.251031
2851,-62.056934,11.06663
2852,-62.167446,11.025469
2853,-64.77076,9.641719
2854,-64.57604,9.658445
2855,-62.83112,8.522772
2856,-66.43878,11.739914
2857,-66.431725,11.73855
2858,-64.40631,11.049881
2859,-62.562786,9.884679
2860,-62.720104,9.171518
2861,-63.64982,11.561641
2862,-64.77682,10.881475
2863,-64.747765,12.210261
2864,-63.540993,9.2920685
2865,-63.886295,10.455532
2866,-64.609184,10.53586
2867,37.898495,41.421864
2868,36.38416,44.21611
2869,36.56524,42.395187
2870,37.26305,41.98843
2871,37.33661,42.800243
2872,36.34858,43.530506
2873,36.80362,42.7717
2874,37.161522,43.18595
2875,34.822773,46.404446
2876,34.41948,46.26096
2877,37.512638,42.705376
2878,0.056422703,-35.91907
2879,36.19555,41.85857
2880,38.947258,44.016262
2881,38.054558,44.40886
2882,0.12571917,-35.993942
2883,36.729755,44.264133
2884,34.864136,42.801613
2885,37.062786,44.0555
2886,37.07945,45.00456
2887,36.402092,46.28616
2888,36.490486,46.404373
2889,39.03241,42.51555
2890,39.52536,42.31884
2891,-1.257855,-34.22848
2892,-0.99510235,-34.56367
2893,5.9753056,-41.40651
2894,5.505906,-42.650604
2895,2.8868136,-8.345166
2896,3.0194087,-8.416617
2897,10.448305,-29.137003
2898,10.446231,-28.991737
2899,10.450299,-29.132668
2900,3.5953727,-8.676648
2901,4.042537,-8.868665
2902,4.3381863,-8.972327
2903,11.920424,-45.100475
2904,11.893137,-45.087948
2905,12.452354,-46.0844
2906,12.23177,-45.75258
2907,-10.202073,24.046495
2908,21.720816,66.22063
2909,21.894394,66.51183
2910,20.908117,67.518486
2911,22.65225,68.09573
2912,21.503767,68.91148
2913,22.399876,67.88806
2914,21.698927,68.15509
2915,21.70074,67.465576
2916,20.761421,68.253975
2917,20.660046,68.40456
2918,20.632269,68.173225
2919,21.196007,66.056335
2920,20.805038,65.47464
2921,20.737795,65.91072
2922,20.979118,66.44412
2923,-53.89089,-24.681473
2924,3.59437,26.134392
2925,-53.070095,-24.4181
2926,-56.351227,-24.731108
2927,-56.398804,-25.957066
2928,-53.240387,-23.314919
2929,8.931552,-38.944077
2930,-53.13596,-23.304907
2931,-53.948437,-23.443445
2932,-53.6512,-22.996124
2933,-56.900158,-25.244328
2934,-55.622,-20.961231
2935,-56.564896,-23.464909
2936,-58.05245,-22.389114
2937,-55.684967,-24.088873
2938,-55.559875,-20.92349
2939,-56.499153,-20.29931
2940,-57.469692,-24.528685
2941,-57.195354,-22.1423
2942,-57.309326,-24.337982
2943,-56.57227,-20.322567
2944,-57.22295,-24.40999
2945,-4.0234313,58.402264
2946,-55.537884,-23.270895
2947,9.745384,-38.83416
2948,-55.663296,-23.796465
2949,-58.34517,-23.807356
2950,-57.596367,-22.359724
2951,-56.299175,-22.985413
2952,-56.528427,-22.04346
2953,-55.869274,-22.521935
2954,-25.517117,35.69319
2955,-24.309107,34.624878
2956,-25.81879,35.164078
2957,-24.930021,35.519997
2958,-24.428389,35.35482
2959,-7.0821147,-27.976288
2960,-25.038195,35.991997
2961,-6.30656,-28.457867
2962,-6.4412045,-29.830875
2963,-22.924551,34.622765
2964,-6.501222,-29.96626
2965,-5.812098,-32.073032
2966,-24.474329,35.908657
2967,-4.998846,-28.007393
2968,-24.040092,33.581135
2969,-7.532608,-29.770058
2970,-6.2257047,-31.166748
2971,-6.0198045,-30.94937
2972,16.383749,-46.563385
2973,-9.391312,-28.5112
2974,-9.48155,-28.345932
2975,-28.806002,34.243465
2976,-18.457588,28.375616
2977,-27.57055,34.360386
2978,-6.115314,-30.719515
2979,16.34227,-46.42198
2980,-5.309794,-29.456934
2981,-5.8007097,-28.834259
2982,-4.998861,-29.392569
2983,-7.7565064,-28.420017
2984,-5.9725537,-30.146383
2985,-3.9491909,-29.6704
2986,-5.3484254,-31.030788
2987,-26.769594,34.74261
2988,-5.554648,-28.883663
2989,-5.3709755,-29.997274
2990,-25.199335,33.95905
2991,-24.792116,33.702637
2992,-4.2805943,-31.042881
2993,-6.7094717,-29.066065
2994,34.243843,-37.14532
2995,34.081738,-37.28859
2996,34.853348,-37.99493
2997,34.546467,-36.812492
2998,35.07438,-37.758106
2999,35.011322,-35.775566
3000,35.236603,-35.150337
3001,33.873184,-35.259396
3002,34.73965,-35.096584
3003,36.02908,-35.086617
3004,33.38811,-38.276184
3005,11.350354,17.641247
3006,16.054497,-41.620083
3007,32.46182,-36.45133
3008,14.291425,-44.62779
3009,14.386571,-44.415028
3010,32.96512,-37.656803
3011,33.2562,-37.581726
3012,27.116741,-37.556816
3013,27.410004,-37.426567
3014,27.025486,-37.20259
3015,27.896835,-38.029995
3016,27.81243,-37.81629
3017,28.117561,-37.071163
3018,28.01844,-37.28577
3019,6.6161823,-44.163902
3020,6.561974,-44.25089
3021,25.044094,-64.46998
3022,25.026094,-64.47387
3023,22.158356,-54.851944
3024,27.182281,-63.897755
3025,26.911245,-63.92864
3026,27.144203,-64.13953
3027,27.307823,-62.3471
3028,27.176836,-62.54965
3029,27.032381,-62.82721
3030,28.327381,-63.572933
3031,28.826452,-63.829437
3032,28.136934,-63.37629
3033,-2.3816493,-40.994564
3034,-1.8963342,-40.509396
3035,-1.591682,-40.22889
3036,-3.8517952,-42.511597
3037,-3.7087169,-42.336586
3038,-3.2474723,-42.46393
3039,-3.037232,-41.91765
3040,-3.0511997,-41.841553
3041,-2.8879778,-42.93627
3042,-0.3425665,-39.972725
3043,-0.053927265,-39.5714
3044,0.08228049,-39.24211
3045,-38.473476,6.3641877
3046,-38.36461,6.374615
3047,-0.06072457,-39.61895
3048,-2.721972,13.325156
3049,-0.6381452,-43.93366
3050,-1.2088856,-44.126545
3051,-0.7072833,-43.968967
3052,3.1680057,-33.63021
3053,53.821884,-10.136487
3054,54.085815,-10.428145
3055,3.2103765,-33.646534
3056,52.411964,-13.154877
3057,52.063896,-10.159961
3058,51.798473,-10.21877
3059,52.403362,-9.439567
3060,53.27479,-9.681689
3061,52.764206,-8.838792
3062,54.38743,-13.8097315
3063,55.702915,-12.705981
3064,55.55389,-12.952596
3065,54.37656,-13.703482
3066,56.286896,-11.497085
3067,56.253605,-11.353427
3068,55.40234,-11.342095
3069,50.723667,-12.39283
3070,50.785023,-12.922977
3071,50.585617,-12.224899
3072,54.617817,-9.949743
3073,9.859249,23.743818
3074,52.195984,-11.897469
3075,51.164333,-12.080329
3076,53.88105,-11.589991
3077,53.75785,-11.708266
3078,52.945827,-11.896932
3079,11.738849,-48.899944
3080,11.71806,-48.88393
3081,7.231156,-66.27029
3082,9.7598915,-66.868256
3083,9.587704,-66.91549
3084,-3.7646475,-25.445686
3085,9.090034,-66.656166
3086,9.001814,-63.429863
3087,8.529381,-65.56654
3088,8.712749,-66.502
3089,7.5004478,-64.93103
3090,-5.308122,41.200134
3091,8.131034,-65.88278
3092,-3.7047243,-25.287992
3093,10.617374,-64.72591
3094,10.113378,-64.29033
3095,9.954563,-64.90206
3096,11.571621,-64.81918
3097,10.307784,-65.296104
3098,9.369949,-64.550125
3099,9.07129,-64.076805
3100,9.567922,-64.086784
3101,9.375351,-63.41342
3102,10.854558,-61.535614
3103,10.896596,-62.496166
3104,11.1433525,-62.82145
3105,10.988137,-62.750286
3106,27.794422,-56.982216
3107,34.598385,-58.32445
3108,34.77499,-58.23119
3109,29.721136,-58.90599
3110,29.719046,-58.94784
3111,31.259914,-56.173527
3112,4.3043103,-41.388092
3113,32.929913,-58.781487
3114,32.47501,-58.451214
3115,30.864565,-54.609493
3116,-4.0385203,-27.488972
3117,30.813322,-54.743927
3118,33.078434,-58.990845
3119,32.40852,-58.98746
3120,32.198044,-54.258007
3121,34.49138,-57.102108
3122,33.483696,-57.492195
3123,32.135452,-54.544373
3124,32.574814,-55.3619
3125,31.739433,-54.596085
3126,29.070292,-56.961403
3127,32.30976,-56.965385
3128,32.516174,-56.320442
3129,32.62366,-56.16905
3130,19.40974,-46.71421
3131,22.87005,-54.788307
3132,30.39796,-57.438267
3133,28.830343,-56.974655
3134,29.833698,-55.69823
3135,30.55254,-56.939552
3136,35.33392,-42.906063
3137,35.63588,-42.207516
3138,35.30427,-42.86049
3139,35.71729,-43.69218
3140,34.693043,-43.40218
3141,16.636766,-42.201378
3142,15.452136,-42.49907
3143,18.292372,-45.129227
3144,33.85465,-44.013294
3145,34.267643,-44.943264
3146,7.881787,-41.27484
3147,34.29004,-45.043533
3148,34.522224,-45.31145
3149,35.20957,-26.45552
3150,34.946285,-26.330032
3151,35.723354,-43.829624
3152,33.722324,-43.559258
3153,20.259089,-35.75329
3154,31.734617,-43.515316
3155,10.311714,-39.310524
3156,-14.419452,-52.937828
3157,-14.514955,-52.726906
3158,-15.967009,-52.66323
3159,-14.741206,-52.55931
3160,-14.97094,-48.998005
3161,-15.603909,-49.206913
3162,-15.805032,-49.27985
3163,-15.443389,-49.228043
3164,-13.765782,-49.134613
3165,-14.378762,-48.684666
3166,-14.1703415,-49.305393
3167,-13.398962,-49.16895
3168,-17.425526,-52.731815
3169,-14.146563,-47.033955
3170,-17.134449,-52.745472
3171,8.185182,-39.537106
3172,8.271064,-39.24696
3173,9.306898,-40.480263
3174,-18.11071,-53.02396
3175,-13.454581,-51.348324
3176,-16.764734,-52.65513
3177,10.169877,-47.135696
3178,11.088354,-39.9852
3179,10.937666,-39.826496
3180,13.954881,-41.430725
3181,-17.051914,-52.602016
3182,-13.119157,-52.17397
3183,-13.31214,-53.425137
3184,6.3177743,-36.98077
3185,20.199963,-31.49306
3186,27.116386,-51.036236
3187,20.197102,-32.400803
3188,19.961742,-32.935585
3189,7.832006,-34.799843
3190,21.326769,-33.55732
3191,20.05149,-31.018784
3192,27.132824,-50.96589
3193,21.95158,-31.161545
3194,22.217665,-31.103394
3195,22.64159,-31.331938
3196,22.97124,-31.12015
3197,23.608315,-31.24459
3198,9.187315,-34.88997
3199,19.214857,-30.862797
3200,21.444498,-33.03308
3201,13.458602,-33.252495
3202,21.48032,-32.967335
3203,13.401276,-33.207733
3204,20.961027,-27.73786
3205,23.507877,-29.98644
3206,20.913921,-29.437689
3207,23.710884,-29.956114
3208,20.939539,-31.63303
3209,7.9392653,-36.047367
3210,3.3988473,-28.356466
3211,3.0857859,-28.65949
3212,22.805958,-32.862164
3213,18.565865,-25.834173
3214,18.66163,-26.428596
3215,23.04159,-30.461945
3216,19.745352,-30.991104
3217,15.442623,-35.481846
3218,20.81451,-30.889277
3219,15.199126,-35.30755
3220,22.351704,-29.607933
3221,22.528418,-30.116522
3222,21.366583,-30.213266
3223,17.903202,-31.295364
3224,17.945423,-31.95304
3225,15.14163,-31.50377
3226,14.098792,-28.412474
3227,21.57198,-29.146463
3228,2.7595139,-37.458344
3229,3.767409,-38.025238
3230,-12.611282,-38.716442
3231,-12.403766,-38.95081
3232,-12.272056,-38.74055
3233,3.1408234,-37.704006
3234,-10.482929,-39.5568
3235,-10.645839,-39.171043
3236,-12.037526,-38.782215
3237,-11.671962,-38.34622
3238,-12.852041,-40.777763
3239,-11.262411,-37.87213
3240,-14.06283,-39.255276
3241,-16.29824,-40.411953
3242,-15.213755,-40.09499
3243,-14.482162,-38.54218
3244,-14.112715,-39.346004
3245,-15.805549,-40.50926
3246,-12.823223,-40.251247
3247,-12.695373,-40.715195
3248,-14.813914,-40.513702
3249,-14.681596,-41.23669
3250,-12.766712,-40.613426
3251,-11.818491,-40.30608
3252,-12.059038,-41.893993
3253,-14.706901,-41.742268
3254,-11.251547,-40.74075
3255,-12.988267,-41.84879
3256,-11.917617,-39.567787
3257,-12.170656,-42.620132
3258,-13.527496,-31.843847
3259,-13.556672,-31.842281
3260,3.8641331,-35.7556
3261,2.9378555,-35.628696
3262,2.8191774,-35.7273
3263,-15.8306465,-28.283352
3264,-15.165268,-28.69146
3265,-15.846979,-28.600185
3266,-16.072615,-27.711906
3267,-15.536349,-28.608463
3268,-14.896324,-30.166744
3269,-14.345481,-29.442026
3270,-13.986668,-29.47116
3271,-15.218746,-30.309181
3272,-15.214601,-30.293304
3273,-14.389444,-22.951561
3274,-16.321705,-29.455023
3275,-14.66499,-21.039913
3276,-15.441715,-29.998695
3277,-16.538567,-30.446373
3278,-14.259424,-22.828602
3279,-16.767792,-32.945103
3280,-15.736878,-31.255636
3281,-16.864565,-31.343956
3282,-16.854317,-32.444088
3283,-17.893454,-28.846506
3284,-16.688717,-32.51361
3285,20.240746,-59.121128
3286,19.873732,-58.094997
3287,20.592453,-59.248333
3288,19.723164,-58.394886
3289,20.13632,-59.183258
3290,18.518373,-61.215515
3291,17.766571,-57.782112
3292,18.68072,-60.281868
3293,18.455383,-57.60697
3294,18.651274,-60.416298
3295,18.514574,-61.17196
3296,17.632439,-57.661377
3297,18.779268,-60.040977
3298,18.289507,-57.7414
3299,18.64524,-60.591465
3300,7.835172,-36.51263
3301,19.256596,-38.64786
3302,19.406332,-38.81017
3303,18.711412,-38.245415
3304,16.888647,-57.618664
3305,16.36297,-56.687225
3306,15.970113,-55.852386
3307,15.861244,-56.29266
3308,15.030857,-55.830246
3309,15.52755,-57.156197
3310,15.851239,-55.952145
3311,15.093676,-55.752213
3312,15.580784,-57.267803
3313,-2.7800865,-68.40624
3314,2.647944,-64.19785
3315,-2.961461,-66.330986
3316,11.774209,-35.610153
3317,-2.6909745,-68.24159
3318,-3.9962502,-71.47072
3319,-3.3674707,-69.69849
3320,11.367892,-36.30138
3321,-3.469659,-68.78768
3322,-4.3951874,-68.38494
3323,-4.037547,-71.88408
3324,-3.8215554,-68.94226
3325,-4.8315196,-72.351364
3326,-6.6728125,-67.79756
3327,-4.129127,-71.839
3328,-6.6420097,-67.81879
3329,-6.2061286,-67.83169
3330,-7.9214125,-67.53617
3331,-7.429703,-67.62355
3332,-2.773196,-70.49286
3333,-2.6504555,-70.0877
3334,11.322389,-36.14908
3335,-3.2474632,-66.63504
3336,-2.3469007,-69.78217
3337,-3.371745,-69.69801
3338,-0.4942685,-67.58748
3339,-3.2735484,-66.75711
3340,-3.9504142,-70.462234
3341,-3.934136,-68.80373
3342,-2.50013,-71.26094
3343,-1.7824509,-69.72584
3344,-3.3356166,-67.4398
3345,51.317463,22.728132
3346,51.13114,22.62167
3347,51.59669,21.41173
3348,3.5786805,-28.155088
3349,49.673725,27.008661
3350,53.24562,24.33703
3351,54.218452,24.15982
3352,52.21965,23.251574
3353,51.68981,24.619614
3354,53.884045,23.428741
3355,53.062546,22.529495
3356,52.78527,23.95131
3357,52.718124,22.412004
3358,52.312683,23.279924
3359,51.534515,24.841406
3360,53.263996,23.667028
3361,3.2075403,-46.18542
3362,2.997859,-46.294758
3363,3.0636017,-46.128487
3364,5.1561184,-45.581985
3365,4.467383,-46.594284
3366,4.188638,-46.608433
3367,-3.6544487,3.4766893
3368,3.9599478,-48.795677
3369,3.1249816,-49.494774
3370,3.4027865,-49.2469
3371,1.3649741,-48.583664
3372,1.6681335,-48.98395
3373,1.7704204,-49.055202
3374,4.0010195,-48.14718
3375,4.2204895,-49.75485
3376,2.589453,-47.890553
3377,1.4800817,-46.513927
3378,4.3066015,-43.869865
3379,3.9102144,-48.97176
3380,4.5523195,-48.84885
3381,41.48286,-51.11816
3382,40.91655,-52.099968
3383,42.083855,-50.45339
3384,6.4161596,-29.27829
3385,15.724902,-44.984707
3386,16.570942,-44.44661
3387,41.26415,-51.699657
3388,41.408047,-51.18561
3389,38.84207,-47.31633
3390,22.25222,16.996262
3391,38.13436,-50.781185
3392,38.04015,-51.139782
3393,24.104197,17.105694
3394,23.77458,18.474884
3395,37.982643,-50.051582
3396,39.667145,-48.34714
3397,37.3511,-49.923916
3398,37.341866,-50.06339
3399,6.6499004,-38.131058
3400,23.451733,17.999998
3401,37.593777,-50.714596
3402,40.204838,-48.591972
3403,40.246174,-48.397186
3404,7.7744713,-33.784355
3405,9.045061,-33.258923
3406,9.343021,-33.730232
3407,8.0740385,-33.492878
3408,7.597495,-12.4186
3409,40.068005,-50.68243
3410,8.195,-32.892944
3411,42.204025,-24.001087
3412,42.28277,-24.055206
3413,43.52957,-23.410608
3414,47.106247,-21.416838
3415,3.8264744,-41.438137
3416,5.463342,-36.06687
3417,5.795936,-37.72324
3418,5.5459957,-36.101524
3419,5.462404,-38.211975
3420,5.4052205,-39.12903
3421,5.5113072,-38.251793
3422,47.79622,-23.401358
3423,47.18928,-23.970364
3424,47.311016,-21.560389
3425,44.19661,-23.344208
3426,42.68456,-24.515491
3427,44.272186,-23.453957
3428,48.532707,-25.957436
3429,48.11612,-24.425642
3430,48.851875,-25.260605
3431,49.134384,-25.758497
3432,48.52079,-25.716188
3433,48.46532,-25.164442
3434,47.14231,-22.471739
3435,44.633087,-23.810081
3436,48.28825,-22.512669
3437,45.936554,-23.416061
3438,21.396317,-52.972622
3439,21.242058,-51.333294
3440,21.335173,-51.3282
3441,22.284842,-51.252293
3442,21.706903,-51.32331
3443,16.823631,-50.766872
3444,16.529486,-51.76849
3445,17.717323,-51.002335
3446,6.5270076,-27.99357
3447,7.350026,-29.395
3448,6.9367094,-28.82121
3449,22.93636,-53.3422
3450,15.589403,-13.39619
3451,22.024643,-53.48796
3452,15.422283,-13.533899
3453,21.914888,-53.29419
3454,19.868927,-49.195324
3455,14.659702,-13.629206
3456,14.948729,-14.711356
3457,8.019869,-42.08596
3458,17.856325,-50.962685
3459,10.703894,-9.2606945
3460,19.773216,-50.884045
3461,19.464582,-49.958374
3462,19.553493,-50.35256
3463,19.270231,-49.942352
3464,22.150734,-53.92597
3465,15.784056,-14.171827
3466,15.361538,-50.382977
3467,16.028078,-50.353645
3468,16.625961,-49.384098
3469,16.71048,-49.84788
3470,11.169306,-5.955137
3471,9.509558,-43.091278
3472,9.533202,-43.713066
3473,9.238737,-42.445835
3474,-1.7436544,-2.066434
3475,-1.7460903,-2.2068083
3476,8.437049,-43.4702
3477,6.356524,-27.59682
3478,8.721681,-55.746613
3479,8.724517,-56.300877
3480,9.4288025,-53.557743
3481,10.259296,-51.79299
3482,8.915883,-52.4864
3483,9.107642,-52.563477
3484,8.202958,-52.070965
3485,9.134577,-52.765755
3486,8.7242155,-55.608322
3487,7.9631753,-31.55201
3488,7.523648,-51.915302
3489,2.112712,-32.954586
3490,-2.8419893,-60.95138
3491,-2.2857568,-61.447838
3492,-2.3229103,-60.853977
3493,-3.1357617,-60.963524
3494,-6.0099626,-59.09637
3495,-4.3841715,-57.079998
3496,-5.182113,-58.399937
3497,-5.3989096,-57.8585
3498,-4.247516,-57.711872
3499,-4.9499793,-57.466694
3500,-3.8387911,-57.648174
3501,-6.223723,-58.033524
3502,-5.3482094,-58.755405
3503,-5.1609807,-57.214073
3504,-3.9291763,-58.368275
3505,-1.7392242,-60.587147
3506,-1.7144377,-58.474632
3507,12.381563,-35.583263
3508,-4.1470113,-61.35687
3509,-3.9844463,-61.5126
3510,-3.7884212,-59.662273
3511,-2.662162,-58.145332
3512,-2.1610408,-57.746212
3513,-4.1937923,-59.929882
3514,22.946535,-43.024982
3515,24.80459,-41.189354
3516,24.803356,-41.24684
3517,13.5506,6.9003425
3518,22.981691,-43.09428
3519,23.435284,-43.999
3520,25.395798,-44.461227
3521,24.67165,-44.373943
3522,24.428057,-45.177666
3523,25.281693,-49.420094
3524,23.888462,-45.24386
3525,28.34171,-42.66692
3526,28.220818,-42.80523
3527,27.624815,-45.43303
3528,27.700323,-45.348873
3529,25.207037,-46.936333
3530,25.793547,-47.289555
3531,23.039131,-46.045284
3532,13.227564,-38.721836
3533,8.809423,-27.141726
3534,25.179556,-46.73256
3535,25.171442,-47.63345
3536,24.842484,-47.40788
3537,23.310575,-47.057796
3538,25.281136,-43.1072
3539,24.23233,-46.264034
3540,24.205868,-46.53191
3541,26.178942,-45.56352
3542,25.34654,-45.793373
3543,26.065125,-45.688156
3544,9.1462965,-37.03867
3545,-3.8602204,-48.941532
3546,13.532822,-39.98299
3547,-3.282384,-47.243313
3548,13.432083,-39.805794
3549,-5.6236105,-49.08052
3550,-6.2704625,-46.56168
3551,-5.6897273,-48.168427
3552,-5.6295714,-49.812447
3553,-5.8251305,-47.22979
3554,-5.7212734,-48.851067
3555,-13.13928,-25.050392
3556,-4.324602,-48.711704
3557,-13.221497,-24.827803
3558,-10.7170105,30.570124
3559,-12.856031,-25.503336
3560,-4.1585345,-47.28717
3561,-3.8055327,-50.46129
3562,-13.599624,-24.531256
3563,-4.6129565,-48.96888
3564,-7.3157115,-49.27621
3565,-7.182699,-49.298347
3566,-4.777105,-50.70724
3567,-4.362403,-50.003403
3568,43.816982,-35.58416
3569,43.215088,-38.45387
3570,43.59656,-38.76901
3571,44.535263,-35.470062
3572,44.941914,-39.561558
3573,46.225834,-37.000473
3574,45.679996,-35.989193
3575,45.50763,-35.78882
3576,46.134056,-37.899326
3577,46.08697,-37.978416
3578,45.0773,-34.294327
3579,45.01757,-33.208656
3580,45.887154,-36.07277
3581,5.8542466,-35.458015
3582,6.262728,-39.732517
3583,43.59956,-33.591908
3584,43.63674,-33.65215
3585,43.297016,-33.38825
3586,5.13811,-39.455868
3587,42.88226,-38.206745
3588,44.187916,-34.29755
3589,41.906567,-1.5788015
3590,43.80782,-39.294178
3591,-0.45562148,19.236355
3592,-7.805754,22.356005
3593,6.0592675,-31.153141
3594,5.0663824,-31.979105
3595,51.98165,-0.44488883
3596,52.364773,-0.6613227
3597,51.88992,-1.0500813
3598,52.186466,-0.2812219
3599,-0.20971087,19.21521
3600,-0.22171204,19.381802
3601,50.225945,-1.8673091
3602,52.059067,-1.5462013
3603,52.100533,-2.673961
3604,52.848114,-2.096494
3605,52.00948,-2.8640747
3606,53.229706,-0.85118353
3607,54.207535,-1.4516509
3608,54.28487,-1.3700842
3609,53.34726,-0.69481117
3610,14.588277,-38.605175
3611,53.757336,-2.0975418
